cpu_usage,memory_usage,network_load,temperature,actual_energy,predicted_energy
42.37572281363683,85.410521876386,15.08263470560914,55.80089660761683,546.2702494327439,421.1418355439447
79.41095235508405,33.62357582745356,45.83617496001972,71.31474253247235,409.2991444751781,468.5904384088434
49.32778178191655,77.9276526896812,32.42605611960285,79.73978762466214,631.2308679573214,483.42873163223624
40.26822170131693,62.04160333524321,40.421135312223626,58.041970525275175,506.6681830937003,496.5541769613153
90.75526719931842,27.834373357840956,15.541472568377058,37.15443684059208,202.51246617677472,504.95904529687317
92.40498682840636,32.146716049055605,13.36341592409573,74.07951769226244,607.4975409917377,440.4947556297907
49.31545087131757,34.06535820613395,11.69671433941797,30.035936491871475,398.9701094647004,536.8933488216766
83.6154306075347,21.276280787345318,43.28243667531741,74.93356489995102,575.4091473568116,511.45465058501316
15.585234351409952,70.99434740131292,18.14163290793705,75.85042057613448,732.4813641277294,471.17615549674633
54.09720284818612,79.5844839834138,10.955493848227214,70.85848215173664,637.2668326703886,511.26199286693446
81.3063373479044,73.50608635552152,53.04613876616655,55.18609469387154,712.3657292851117,458.34606521700675
75.55797946830539,46.90286530117771,22.909715853615445,82.07035509078676,457.4374215815996,494.0227360628821
55.27246764867697,47.95211410665157,77.4535628846508,80.64068076884494,397.2935707091656,495.14292083215395
28.26993218021433,56.26551363671708,60.08329490566936,69.01913755486862,624.3673471434004,528.5161454495504
20.008842045662,54.87789775844176,76.4166339273196,39.40150213314666,657.3047523089867,537.2617940921645
17.268225122629786,74.8654249139778,7.817831779918054,76.45662499996234,746.4957588117892,514.6108200166898
85.65045405449314,63.270901402268336,24.079368563138523,54.82117621660902,297.5964890632911,483.31458453183507
18.849229468688776,73.27850759302106,10.33687138800746,42.12453023349804,308.0951886395716,441.21852168972913
36.4963757626216,79.10499579177312,5.588119307893761,70.42092160671919,792.1375672329785,539.9102785105675
31.2706463439906,24.224645879339462,35.826580644915936,72.50452653096855,509.7699795186044,503.11825334733015
75.64706329752934,64.32059629158157,9.95073831051812,60.98746004661197,679.193468213982,475.4427661137568
64.83968718480324,64.38039921697279,22.038466776763617,33.87705701037296,724.1711172423292,572.5361311306319
11.548855180381729,32.66838668966429,68.42032722424301,62.7416796260119,432.02423422638674,420.47446175115726
33.23960111411003,41.51029754484006,76.80860142785721,71.76108788051604,747.8248801339136,546.9053335700048
56.64237209615982,49.83269115651811,61.54714276975879,38.820097336585874,263.29005647662143,544.2233512039229
71.40842979722795,45.79684406066328,49.49161775805382,42.881185400948375,389.4638907496976,512.2731754915332
64.09488495742133,87.83718410985679,44.977165043460495,71.16113923219272,455.8390140809735,488.29212183254947
68.51420369635755,70.95575148816357,8.875154124347082,35.2448506700152,636.8698624016998,490.30932702646714
25.42201198263277,73.26935320196657,5.000872606652461,80.32834028844724,273.94847487953086,517.4503698055486
86.50158455708893,30.32167686943988,43.16679166932919,63.13471930816233,644.9763724711333,515.536126342209
63.98296032374972,44.21544947828741,55.90024675044236,44.901848407400095,679.87001866747,494.80358955088684
92.60147703128166,61.46854492616623,69.3632789867873,33.76522956334679,533.947057101292,555.4317733911538
27.794692483620377,24.209963982054965,71.8904108608051,42.12773448896059,658.7905702309241,452.3815306068824
93.82791328076624,80.43335547002776,35.568815643036274,70.55843471738726,451.4596837502512,487.3849433668824
18.566130117081265,87.99765658291477,53.92187364439548,42.029358714886,321.3763694949222,540.1562178780794
85.40234606253497,72.47562822200473,45.99861651408413,35.64123794209744,465.82022380257166,503.6892197331758
33.798222961124154,54.09433431732551,36.02320061889765,51.30273848864228,206.42917861721537,507.3168924060204
63.83907261692169,89.14498641504211,48.939859134013936,52.3742640523448,614.9933911199249,520.2545530487796
12.255237329274676,20.366072948003893,62.416006288689566,50.847226696066926,490.3161313185868,430.63003992664005
37.653078114877474,63.9253824252859,45.90739020551791,82.32827714650612,795.177648343186,446.46941040546585
45.66600530636215,66.10954428506133,52.730102763755525,37.71784850064333,251.6792834382082,438.4449963275865
54.432290497469495,35.43403463491227,48.31950244108681,83.73538249414189,208.20944885640867,523.2380825671074
12.154813190313888,58.331466330761536,42.0159935255089,68.98211103760349,274.6075048585222,473.8300794292444
12.650566480209196,40.91079015121412,33.82662788931012,44.93206013984912,351.30372649731794,512.7721983288508
17.25453452447028,69.45330085408308,30.41454870040637,74.20979998563956,557.4078944969177,512.1625886718873
65.24693411611004,89.06638152870025,42.96995446214021,56.68020629887471,402.8506456197569,490.33036404287867
46.14314787988484,75.59381318939589,32.82057561183239,84.46827670865065,229.7635450096897,551.3547714215937
33.68017881771648,42.63600934808645,9.074902611717787,61.3982579261712,670.032331997503,576.4970848068677
16.91464635456148,67.14027033274421,16.560878238386533,81.10267360085045,344.40230885429185,506.41330792724546
40.80348142491381,43.67872541961489,8.368347424671189,36.52540711578692,448.10991817397553,509.3150174185206
53.68910657858392,61.06259242228319,35.38270208956748,47.26315231973588,500.034955514652,496.92066115338974
28.867633764300702,59.55153950013113,18.96019233150109,42.72593500072664,694.398591127987,495.7308418787707
94.15457725886236,75.82913704460317,50.14425732613487,57.92927851773285,729.9641608557342,465.65436295060596
51.82988491176074,62.49658252621465,31.836056308516167,70.79027985098233,785.9366139937425,502.6254157654788
41.14075667996379,87.97407716157575,8.919340946451783,48.285088643179165,695.6388107289713,487.1836851128271
61.64131241162226,22.59053443008448,19.857322456980512,40.94456764276902,602.7624951374795,522.37570706931
33.53460009251232,66.3287432894565,25.279496478839416,76.48164683228191,725.2931902375379,478.1952178505225
11.749682015143208,35.484660927372154,7.521020013746197,60.18722657925458,220.80362253563985,429.5527111881146
58.30623128351509,30.574052424663016,45.55238574836827,38.8749540580461,568.1827417936303,552.1170932308436
78.24254313083097,34.398108353688855,74.46455513238365,49.29505101342586,370.5105774270372,463.48385982385633
75.44945201338192,31.723780758134883,21.43016068263933,65.65749040986526,286.081674210812,495.5732231855053
60.82149819894224,89.85538773733363,68.74815286104965,66.12158349110064,667.7100208544381,505.5795736054489
29.434638467794333,59.71185537402325,68.44410797582991,38.08070579710739,328.3968072189881,499.6450803750764
23.668684370487384,89.79871501103977,73.30776212329364,63.58007152584835,234.21614840217163,560.7368741068972
20.25404904355107,24.85966899222653,5.010101975336399,42.02903901779708,650.7673546242602,435.33432329295647
53.14688218817868,47.90641194406192,5.744286584587672,72.63842285092221,406.4549707096653,529.5940393771418
61.490859645335405,84.35743812500921,21.18055093823406,32.76336554026402,476.5390029239491,553.4242629000182
23.195420904110563,23.022161505790816,43.75237889197008,52.72448844642457,413.5746640823843,401.6589186420459
75.64080539021587,40.741568431919305,61.756362926647625,68.86464284332902,394.5976264109108,502.29251085131176
67.09455817449782,37.95939485909547,51.02030856780938,48.84548305873868,369.9706420955464,469.36130324147086
74.22184677615914,73.07669329928639,72.96074410743248,30.497978886920404,230.25006416132555,536.4431040876262
25.990298576519717,25.123714663791056,33.99053801172709,78.56031490852972,677.7461656738324,473.7569031833185
21.800309675199863,68.47053059270587,66.69010957881476,82.32946541147007,545.0363440752888,460.9975249671001
35.61711930395208,71.35300663929814,21.90359510050744,74.95743160183602,266.3621593238965,430.95578453637927
79.92104765607095,59.72785937830907,20.52444338288201,51.41727164383814,539.510336187948,483.57531598909446
60.22082714836591,25.50049480085145,19.707328455379468,41.19100083736777,681.8071289157923,535.2504475896948
59.881495031774726,38.417879893759,32.735994199038245,75.51541787507259,485.2854291396402,433.9063517417988
47.41296196786611,42.07032364814272,23.82249960052235,58.52855469093272,546.6842301506508,542.2997327865716
22.91172894854502,70.23184359607234,58.54644743799423,40.80305687296096,637.5858802863237,463.3652699988744
37.4513002000059,76.12096581488544,51.2799887088351,33.77925227481785,578.055876116998,482.74771768909744
83.56810570098833,68.64657622317232,43.68964270342461,51.5651467297515,578.825586586026,497.12410920054236
21.978559122854826,36.71440020378117,20.10228366019808,30.831087631796127,275.57311782761496,545.6744474995412
52.628885048411966,27.34511248927224,50.04882999112669,75.17635995953819,549.0419884527121,491.9253300022817
78.18674336409337,27.733187919197626,24.396562616602907,83.07584531999595,787.4909330603693,473.5512916821309
23.29714862704231,25.71409874214127,36.63711339041235,74.24720533375023,443.25369508349297,448.7505048981794
54.22615457682243,23.038877299837345,35.53298668442207,46.6330731203195,601.3259186244112,493.91783206265274
90.7701750747682,23.993830480587803,26.753414897182765,59.14673228116281,689.4472283756725,483.3071001249047
39.6538026561546,24.071465685383306,5.101521928660112,84.45598653477762,507.72484538316064,450.991034027514
38.46697724585232,36.8841020319679,30.889415637065788,68.0080697006594,505.33644204192814,498.25378764919606
61.99626342991994,75.27889549997354,5.117382889360468,58.49044365225437,789.5127633536232,514.8910680915734
63.46014197629014,87.85886256347013,73.74764268809055,31.71320010363651,544.3195098062578,448.42001817652084
57.46436122754343,63.24930681408497,77.48130393998055,67.11324661920759,547.015857869924,516.9029565168797
92.44272381424128,44.61358810677441,27.45466912787609,44.77091920995034,734.3950732771054,533.6957591143513
65.21879641901324,65.81578499967947,70.4565379674596,69.53067898194416,613.5862472616142,496.3462193707553
44.072370424909394,62.975350933204325,19.76942783400713,55.51899339917881,743.1793994063092,500.8842420861808
16.18485554095645,41.55509591138336,33.91339285526917,42.58815043659244,409.9627121424285,500.00960756816215
12.850256952541248,30.5034065285789,15.070613817670663,57.10507714930535,523.0369875721747,403.88672462406527
85.41308311898776,89.38180382958836,66.65773704501692,62.06093312423448,709.6678437354412,501.76298910455256
40.32403276895509,49.24367475171336,39.44299081977186,64.30068280596464,351.8158045521519,494.70201154240465
39.43940952110671,22.93658564021454,59.66460817024601,55.66812164864246,614.7479982715936,461.9059586477569
80.60264966195697,24.044639269745662,53.48440562284479,48.69845250862865,557.6300694565701,490.3794012346275
82.8016365010074,60.507278600067536,73.49652106821776,53.36679635774478,559.137795930656,494.6005963218925
11.563207506534672,38.887450408975,63.54737880691679,52.94563802105171,745.729083807283,472.200969665125
89.57315580366638,34.03673086902357,43.8084763816281,68.06405058634029,798.6496334061204,466.1943719888062
48.03005117999364,36.42494572988175,54.978906018365485,56.73717668682082,771.4320514392348,490.26894086040073
20.179781204636352,26.23871024812116,8.613950929497218,71.83166033504052,623.0245438121556,487.04543073284856
84.51555622595933,35.96558403642527,10.423735644345395,37.92433323072598,475.1111373122092,416.0798466148399
72.73285739624149,74.99561326561624,65.53031779000273,32.166550853105065,649.6216619869742,565.2563657640283
13.465887032154932,20.44701102017835,55.71331715565755,72.04424004415273,388.95106675333744,449.64264950396193
90.61853109178332,61.51310339307489,68.63190343178935,49.01933541257337,423.2493529777376,447.56242798354623
14.791917215328803,76.21181284828644,5.664746383510168,83.22688058982591,543.2737782333238,537.2899230005635
43.84433895523018,74.22436464464516,21.655690301999044,48.049871553868655,435.99240223111326,463.33689439332267
52.11676187752687,25.642105962998727,77.52764564421096,81.1719131093129,291.88670005037375,465.2035608997777
60.25841203831899,40.68113442341942,42.41717484019564,49.75648108404797,745.5212817238922,483.2746254378629
72.01652515873545,62.93879724474954,12.910527496747294,52.4483429976684,278.58424579650443,490.0554259204943
62.54853538188219,54.21926061798441,78.80098724078482,71.62015918877124,485.0539237200608,485.33260467455216
31.925038355788228,27.17568095934755,53.98720928984623,58.32531128403477,279.9259544819772,533.7193948381097
52.19113101210509,81.09111753392213,57.77748347217882,32.781520710332586,200.56604916057864,535.1559081885182
75.36393029034339,48.948437106774605,60.340213892114754,42.78782957143072,533.0802720519131,489.11447888525544
20.800143575410207,76.0410689376358,5.412934937031562,83.24361966279174,437.7875752989323,522.0557013804703
80.56868848819428,76.00496780894116,62.83421118889149,67.25909391755619,565.8876569288702,456.8499866163066
56.70995499751752,87.55830875052318,72.50623872623605,64.07394100199667,435.8882776964091,515.4467878980821
45.00647770251783,52.18602966385241,32.88044711797477,64.24792475223886,651.2685996181849,523.4816436299849
62.27561426942943,38.82953831045684,63.040974179761726,41.237401086943365,269.0877070371207,489.5052710786161
12.066857146673575,53.124693468409,18.89976346465358,82.79245414924003,659.9163897329763,530.4075804701673
62.726311865044494,83.00161863786079,42.54682010528133,55.27712314674927,798.1696504470018,477.3199887852165
37.9438868744382,54.773680120141854,38.70123065297315,77.28870711464052,659.5151863308452,497.25618810037366
90.516129077628,32.400485261317016,27.67499370136203,65.7229911339096,786.932401115935,491.85706272922425
25.463891092098045,31.5370371010606,61.90821903179938,67.17026088072404,289.1040689862085,454.732087572613
70.11528391663887,86.9550978809636,64.44463372162875,46.29966874323086,274.3076160234905,482.39765959159064
13.473832382650704,82.59336122648827,15.037127224976986,66.3916992796054,361.4969425949775,485.49474479025247
60.60772647220372,65.20675688586442,31.893384614365488,33.76477489113093,265.20952362481523,554.9055668352611
72.96533250910738,25.07128214561912,52.34806648189915,33.79752484730299,465.2200525586741,568.5790564544625
17.784476232763904,65.98686093869976,69.89718191816843,54.3158869073846,738.4383909929518,506.20250776751413
83.50140198167952,57.74128936726781,79.83656417614837,54.18572675793497,308.4710903374277,474.8304289076199
88.35930997696494,44.54982708161971,55.176675299683126,83.26955324349407,209.72023840368036,481.7328620196238
78.63241318894532,82.2123655908284,65.27026515811514,44.89434804203349,376.0120528646059,525.4071507622251
30.166172437228006,35.45387289521322,27.85633215396,36.4653215082621,692.0405012333897,466.4326661991521
76.73995671840616,53.19499516602247,24.51183432215384,50.56565758570475,694.6102683496097,512.6648013430344
10.469379955506204,22.94652327454533,20.36609556130344,47.20990668175065,556.5450963851583,443.3943934127346
31.99629843600144,82.0184423765331,69.51047700120762,70.58367416590335,446.71428552169465,519.0226412172478
92.16565961871191,22.276832564387632,67.35301357892823,52.6576952268756,272.26840399793923,447.8431607335766
25.404810624081115,28.496945759570025,63.73988099739695,75.90144846405951,232.83962415499155,501.7102463238923
38.729588332380544,69.17254793808728,32.1389819903854,40.089320802188894,640.619405895331,569.6485956103397
43.76060001756866,34.28249442402292,54.09880151494659,53.56518471168375,344.482289643904,432.36110469765896
56.92401037241832,51.40274416681798,21.82201124637838,83.11609654008612,299.7376172309952,511.67656170024947
93.71150191179844,66.22119037909367,23.55052368643125,68.06061907706601,301.2860034707385,489.9002532535351
11.313812404953731,73.27167936600992,69.17720703781545,68.61803529000062,447.3678366989993,441.68880744733985
38.34742959374725,63.05090776272066,52.57727666537654,74.31429891175199,426.2323586010193,470.45145888102655
70.7406534295053,31.168127607923186,58.55244833501423,33.65548291769497,761.5623489491358,548.4142918839011
37.83727493512275,63.65099816019318,53.31119161069369,55.64646771169004,279.0121420617242,467.71207385887413
30.19919123935397,81.02904694216625,38.77632341790595,75.36087805408542,774.5789877635527,543.0568015310607
14.37119414616128,50.07597689172546,5.856348759055522,60.24277095269129,323.588021526177,546.6736733070522
19.950696396346498,80.75428061640154,71.63027542315109,62.281507860739886,678.5084271778915,524.5192893621148
57.10513021384244,43.39668230872425,50.1165409474868,79.38805557662837,460.216598792228,541.8375737527567
73.41381473756098,27.461512121559352,51.755446861958006,64.9767179754691,797.9157852791715,473.9277040980438
33.02074135727631,77.03775796225585,30.891735710126905,55.53311858565737,670.0817360295606,503.42864218539023
59.40524882092205,29.461640240837596,28.38978934376624,66.73273486854474,504.6547029131413,490.9510218389855
43.03756962360597,81.15739799304372,9.670482941141422,46.35099346690335,376.4404773060666,475.1178624710332
77.9928672567211,31.20501444682011,10.175569445961225,78.73999746711398,265.9178682444698,470.4387617243478
50.28673942234415,60.48708419044864,63.15096128023517,65.46098867172502,587.1311455067984,496.34992929917246
84.5250791247487,53.32126905581366,23.14199705846669,53.86141575703843,258.42013627473267,470.374701451261
52.36758690896987,69.61212884200836,39.32747038694705,84.97567367877411,301.315078022237,522.9116132629821
17.388224487431014,22.531226636733347,20.66620430038728,72.31968917451259,232.1808749124985,456.0047288833581
57.56942816119852,85.61716465479833,48.5066626002091,49.51937259176047,581.387193171568,528.582847869819
25.858197044360992,28.145647851983327,60.3948093599248,31.37344141643773,602.6077883197459,461.8216408945212
62.94569044461503,64.55011746805457,13.101931559801852,50.65079106565752,459.6628906050913,481.6733655843196
25.898718627389485,73.53668606320969,35.32173104411518,31.05355170531891,785.4672911293596,413.6273941364731
81.05831024353749,51.66227991628101,79.46126292493028,41.97170697692948,782.5641497627711,468.5902459652727
47.31257075997907,25.60803924692726,43.05589540383566,69.75057637313427,366.24154982803975,464.76439956162176
64.67949856760002,34.746353230396664,36.65256950957293,44.95703216801468,562.6155918288626,452.33864079503854
54.46331675446265,50.49083203690531,64.5657996912054,52.10379599399016,545.3560571840492,544.4484691990331
34.628873497670284,77.10831874934325,15.55336460365688,65.07285357927645,538.3517400533742,481.1996575583003
79.62369700230698,71.06557600566777,69.69803533618843,77.88786505015916,661.8479737142522,465.66639085945985
13.86294232902392,47.73208841264788,41.255557697986,49.520856348235554,215.11945689264175,525.8409426617636
56.37742709185447,64.20921540647643,41.45003703482023,44.523409158154536,514.0408225532049,516.3131182495324
24.40688346831786,67.989570106028,70.92341752117005,48.54636165611636,297.15380397932825,499.9904453473126
18.26000197051533,60.73799813400792,37.59469706440338,79.26211276903283,440.42250010068,464.7441880921482
58.98451061417912,44.72759859514449,75.77761946151657,75.0307126216228,745.6577022115259,575.0686828626967
43.81772591888804,48.208612513561306,9.356896406026234,50.88633376056247,776.8499717852297,511.2455031480868
49.41436441989848,62.24140153669645,43.34565966505634,66.24749755727278,641.015111713894,500.00346225550464
24.73675560005416,46.6436305433606,53.36244530167353,43.061320621374165,417.78970424232295,475.00904976207784
11.9781145375452,56.03721477507831,64.1738869940595,40.324732313073866,703.4879648424514,586.8806485291699
45.25965769870154,39.94110313733459,20.80287229004024,83.51922388517642,649.9159587729613,520.9689024440137
45.24305051679702,36.84848982827535,31.78408694753771,66.10252819253613,435.3306760601241,468.0115008839633
69.75661150609011,54.66025689097821,59.86223677552718,70.5854566344714,394.1182474912949,444.2349149197309
64.60563864753684,81.13962666571624,14.041881230276768,34.23344181594808,563.0537111243231,556.3319942311815
42.81872421306581,29.209737958908185,8.280430423171051,65.00058548433559,599.9131860158209,408.5535969074262
65.37073300990846,74.94278839780273,27.241993415444803,34.627021424266054,709.0830646437588,503.51362058901395
63.06022965268933,29.597679401029936,52.69660303727964,78.65227885262875,681.4410706707945,493.44573431823017
84.2806565928138,42.97349275265181,32.69605776616558,38.96605125981874,683.0583872246809,523.4757377815355
48.438524975633605,40.497542569067534,7.187732273394835,42.16812830453352,502.0070783636924,510.3755763439676
34.12095199289158,58.76615684986634,66.66349151123174,48.72263558628429,701.8653154819218,532.2589952877905
76.28942139789802,29.10603680914424,33.53004117278073,51.60019087992789,570.2635666571938,508.48012883435297
29.06289130414758,75.63666841249506,77.21077678055195,68.16722747805863,340.24447522204656,526.4473884286007
86.95746799563742,60.97480550777265,79.1026974616694,43.28230668912773,429.2836848995415,470.0765497828477
11.223446533529248,35.99183189319091,50.28465897120408,39.34345533279044,463.91338382830094,460.57607028042
10.430234626928588,39.15386663971661,26.91636728464233,54.15658306873445,251.61929421976592,450.8864641322469
16.94951771565411,42.70336271807629,60.56780421140536,73.87527448415177,265.40816938455725,457.7967852101571
40.469586926263176,35.27777215055449,78.87422421056563,38.51557369287459,661.1487985479212,448.44818322313864
