cpu_usage,memory_usage,network_load,temperature,energy_consumption
41.83591010202581,32.959305018703375,24.62792628019295,66.99866468148939,543.1975269701556
90.81071604484288,57.93306631648507,23.523409930399986,73.81747684552548,683.2593975799919
72.21948505396944,81.10620851134857,72.96909353907775,43.775734433587445,656.0965578740954
60.88597115674811,71.25574204866928,23.715964988712958,64.36807547838494,292.3399428162642
23.261584437607105,76.45928035030148,25.396229459647326,61.44602907290618,289.54968184488433
23.259534228577223,66.11483566975022,61.954869681347276,75.80567072335491,360.904620646948
14.937107034296954,68.45935951624966,38.7304881837905,79.83478832646932,416.6448358046223
83.62497239086949,79.44369560957236,63.253291771638594,30.668622431256274,445.0733488450895
61.09477599817275,37.47676062014301,9.902461817328893,67.07109554823359,607.8183301000072
70.18616911266386,54.259747455019834,41.56783952550382,32.850968951585095,234.00825929950125
11.749682015143208,35.484660927372154,7.521020013746197,60.18722657925458,220.80362253563982
92.44233743376952,89.13676055976529,9.69899025915159,45.8198000974023,435.1463377663454
80.75762446803584,86.08415377806293,72.98280900083083,46.87271297371777,618.2982152827883
28.048824407653473,22.759876795795414,15.443402833819636,49.412717689879614,316.0612057738895
25.455122212603552,69.3902620760982,44.931551170641285,64.17108469772856,584.902688753751
25.589383337541875,84.7673822190966,35.832170195052996,48.37274811178231,355.8968827641797
35.860590651560706,32.64027415891334,31.0507494694132,70.29844778246542,731.6516652881098
54.60429668874021,59.756166138684065,72.48750092654544,52.24900620656283,737.4139665599699
46.71532658457984,84.08418083116293,6.636754758161713,33.75942601704772,378.3723225687959
34.75447691683357,22.37621850100592,54.78422646316918,73.10679133662589,337.9962523779443
62.007496051402256,68.8194187072788,77.25458256601628,45.71670785259883,446.78238323973875
21.856978155423555,40.81443051607855,47.01261375963814,53.80217837795945,344.3189511080892
34.832295125493545,84.70773367635712,75.26168465248189,67.69941357720458,603.4303059750222
41.14075667996379,87.97407716157575,8.919340946451783,48.285088643179165,695.6388107289713
48.76594865844805,86.09865423794038,36.40949893056211,33.11221108806936,603.8552785467302
76.73995671840616,53.194995166022466,24.511834322153838,50.56565758570475,694.6102683496097
26.972271483460577,80.34298556925194,59.81157237355473,81.94467204818669,438.1952973244845
53.709927265156985,79.11845789745493,78.5972817872935,65.2953918514207,293.7901824253165
60.35523835327361,42.337033127027894,24.239754683318587,66.93135317669638,642.7705684385553
13.948285081199806,78.02408319054742,54.06309511055559,64.7755184500702,416.2847030849323
61.64131241162226,22.59053443008448,19.857322456980512,40.94456764276902,602.7624951374795
24.49455051341978,61.738891493743715,47.39976909287074,53.00836252562541,362.3863651890594
15.529385403748758,36.100618610139215,39.794936501625216,71.3016889099825,248.7377808840036
90.65527066653333,28.439682004409516,77.90039972236528,35.575509365423756,795.549077292658
92.07872281133754,25.38672411404464,50.63954545223499,45.281902684934174,293.72090475835955
78.7137745898992,68.74021431146979,31.21297790651141,45.19755096562195,793.0525963780887
35.89217037973651,43.791247463764634,13.557183866595002,53.761041017697835,786.3679595398684
18.30212969054263,70.73367400701329,16.34351215512009,83.92028075182017,676.2908623448238
68.15980725353333,24.574943855925966,21.89876974634263,33.71264006761021,595.6537772491986
47.41296196786611,42.07032364814272,23.82249960052235,58.52855469093272,546.6842301506508
20.373249961806202,57.7643904662736,68.79620433808535,39.865057510671576,719.6609272267008
52.090037359457966,75.35062153872744,47.09170912118937,83.38720999753593,373.6637129716928
12.923024294793564,42.312675205244894,44.25431835307748,36.23169276001053,480.60872749092624
87.29223417669648,63.81239635059064,13.607665390191311,52.19805512988752,571.6339816199011
31.99629843600144,82.0184423765331,69.51047700120762,70.58367416590335,446.71428552169465
66.31439417008846,63.11042317276132,59.21107274063628,68.75049354150948,456.4918724541608
36.49544146759993,36.30716323275436,10.075127142500119,53.250075029166275,398.17080050125065
54.20578180011392,21.70805470895766,58.08763229223265,49.05882923739951,538.5390900107216
56.47037374417877,80.90692117306509,45.76536630069845,51.86868082040788,710.3447168090696
25.712628719669798,21.4888587595271,11.12940093100837,44.53519447372516,320.91702680378773
92.41469335998748,81.22911708789397,39.372548114649234,41.29331162887399,760.6598232520648
75.88628998569473,57.02559938190484,41.352221534753525,56.56718336573895,613.4525922489378
89.85741003295607,85.73473889590274,17.43309051224568,44.769356583718405,693.9639276080181
86.06032478635015,75.91482650415658,75.92736102502117,45.81039156934875,533.714415578007
60.82149819894224,89.85538773733363,68.74815286104965,66.12158349110064,667.7100208544381
88.35930997696494,44.54982708161971,55.176675299683126,83.26955324349407,209.72023840368033
17.521862674413157,73.70318022517888,39.67216707504554,63.20004603076563,691.0282548677211
26.65854330562734,48.13516395264695,35.88241561883814,34.23387068857315,224.0833154512199
13.844319557395735,53.59129342127362,53.82301003632156,34.157098761973685,733.9480258177175
37.653078114877474,63.9253824252859,45.90739020551791,82.32827714650612,795.177648343186
43.03756962360597,81.15739799304372,9.670482941141422,46.35099346690335,376.44047730606667
33.06466770078116,88.88584284395066,43.437698657774874,35.06368423453615,326.1911337714762
80.44268827791399,73.77913897051627,65.48027129246296,62.947452293270985,659.2180183148243
40.32403276895509,49.243674751713364,39.44299081977186,64.30068280596464,351.8158045521519
33.879433323427364,49.494990159394916,8.89674331657013,65.66776510652784,719.3374299033221
56.12916706845112,71.6307611112224,63.97086495380248,44.707111532164774,261.70555529448603
21.978559122854826,36.71440020378117,20.10228366019808,30.831087631796127,275.57311782761496
78.18674336409337,27.733187919197626,24.396562616602907,83.07584531999595,787.4909330603693
16.33680471278052,44.82355103485436,17.35297650742219,43.799117513010636,604.3033389620027
93.88538961104398,40.10672941578572,29.766129865362316,67.18144584289011,708.1323346573718
75.64080539021587,40.741568431919305,61.756362926647625,68.86464284332902,394.59762641091083
26.890832930404656,36.35254257349369,43.9539394627953,63.550407939371716,605.8902497123627
10.469379955506204,22.94652327454533,20.366095561303442,47.20990668175065,556.5450963851583
79.3142214186609,21.251175431338968,70.83725586140307,44.91029395702362,561.8900720737681
70.08287422704745,89.14056728152221,70.96863912136469,62.87175554864867,609.5194757226329
71.96560928348393,49.94411936151036,70.29338187845052,77.63525984864303,545.2155038774591
75.55797946830539,46.90286530117771,22.909715853615445,82.07035509078676,457.43742158159955
16.29379539739768,67.57530978851489,38.842950813574106,35.82481924220667,365.5536166283281
40.469586926263176,35.27777215055449,78.87422421056563,38.51557369287459,661.1487985479212
19.848870059636027,86.49728287651577,62.900935723249276,81.96049423306938,335.7634580019117
83.36379119942545,75.04415100908864,7.037556591916987,70.5094375584136,615.4125836926485
62.980340780342424,26.258770161858166,9.890344344536903,78.56466036563752,339.99969358959595
38.12633211247518,49.230654304944984,39.79485326092496,41.14479487744387,575.1981019726724
15.402459774312009,81.53828152935154,73.191515439617,62.317222911017105,648.2469602774174
36.433497345831285,86.13124156039872,45.402634846453566,68.56267769296105,331.2283333439235
37.6405823722735,52.718105787490884,42.33593810257177,67.4061536995835,235.96598051678495
72.01652515873545,62.93879724474954,12.910527496747294,52.4483429976684,278.58424579650443
64.19238506519312,31.692376226445266,54.258507854322055,30.846719043021967,563.5981803626153
85.41308311898776,89.38180382958836,66.65773704501692,62.060933124234474,709.6678437354412
50.13826863876569,36.21701909684104,33.531500563067176,43.92058465487848,226.99809274125462
20.165510904755642,85.99122418945879,63.17088881939956,54.76398353785897,640.4907554249878
70.62580691395458,65.4752654294658,77.33574904256088,82.66695582960995,404.7911875700313
74.66672913243629,62.54157564152014,20.28248443457668,51.94694247033391,487.1170219517135
57.70856179340718,55.8881957711556,44.2497223396056,76.18908836654347,757.3157299073393
75.53221029613768,36.14688682024311,26.535346856343164,40.36973331620881,399.18290284150726
51.97262569097321,32.35696224038558,64.46408142753795,66.98532739137659,479.20216036369163
54.432290497469495,35.43403463491227,48.31950244108681,83.73538249414189,208.20944885640867
46.34098656047672,33.05067835009782,52.59368131627278,35.60412054801152,248.95923200290304
12.160625773248091,74.57091314967273,64.84356197119206,30.45759682249556,355.15495468087045
19.170771294430878,44.508768141671105,34.69778544968412,53.84705359479379,216.71134449264463
12.671480783372411,24.048987359437746,73.63175513052825,35.094401567825194,578.8251956289506
64.09488495742133,87.83718410985679,44.977165043460495,71.16113923219272,455.8390140809735
36.72025839148777,81.8650119474398,16.8466117126511,80.30017651167074,528.8871216368132
53.22850874899974,84.94265982366491,57.19243386266018,53.87115349898174,304.7883115377977
87.1431502837179,89.64354758525047,64.49460128286908,44.229140318549256,377.5592176619697
31.18983947765437,32.17266744536411,28.7571257800645,53.89218254536354,598.294684911635
44.88254845802853,47.736941323186116,69.28844427490647,69.78962998175005,779.1816341782398
74.22184677615914,73.07669329928639,72.96074410743248,30.497978886920404,230.25006416132553
29.44784406678791,68.72144326376545,25.76783655333567,62.419969421658344,734.2305925131596
16.543292335447404,30.772713443789854,78.76411045364165,63.73104266880585,546.1287207867251
34.628873497670284,77.10831874934325,15.553364603656881,65.07285357927645,538.3517400533742
23.703809416590374,35.710840028566246,20.151175130186747,43.311214398948245,500.1671211246562
89.02430044911871,35.667233037583614,18.81686294285196,69.27289978579697,241.63645154251003
78.69023226297544,57.58820960253895,72.04922825059028,35.026531748247706,253.9261110416964
63.83931930338599,61.50579543891922,54.07194142437214,40.959868505674045,560.5472033954517
84.074150165956,60.60603454864678,16.407821241670465,78.26085256599652,404.57514286133494
78.31212653642473,26.404078617842842,38.02425637762617,70.62977328996115,750.3608399466084
25.858455005313047,81.42226038412662,51.14735188023515,30.75600547062399,443.95432241568335
85.86751487164811,38.592002981209426,11.259806374203746,43.66069432033901,285.96887522158465
55.84409056283031,29.06604448979629,71.18122763055041,41.79235656462405,628.8313001012216
78.63241318894532,82.2123655908284,65.27026515811514,44.89434804203349,376.0120528646059
86.16776049349693,86.89560487608274,42.890508018247864,43.61578736539375,515.2821844135359
37.03029537260843,80.34893320858154,77.53449614443778,33.438946265856515,618.699671303102
19.354413584852523,76.66612523074147,36.332073445632474,55.24172841282512,740.1584667212422
29.374488816065043,65.86693864473152,78.80827392773733,70.30034111323909,675.3147168810057
46.30416203323178,58.56001594263975,55.09399991027203,63.370244859459,605.8166407236345
79.53125510341191,26.08907319379871,52.60034549404561,67.00794177289438,607.7799094370862
83.16209957678919,48.59172491494891,17.446617147183876,34.46320481949316,767.554786419252
10.590931095151209,46.08819619086198,71.14458187284829,82.3319890597233,377.49445849792164
53.413520719093086,38.182764863222836,37.061726594046135,76.11705086136637,200.66725651771245
45.47993526764621,70.63940795820095,17.167505433685953,74.27996751726144,363.1727356389192
28.87916389001207,54.711301455513954,5.945563998181928,75.26410927729721,330.73482777604636
20.188556223363037,25.673235113535355,46.981676272878694,81.29907794730187,597.100751068399
38.69728956930838,35.41282413648679,44.554971659200724,59.93396813625337,580.2269598593175
90.14732483256412,67.8281134561717,58.95152167768689,41.01551098271943,556.0768296228343
37.472249221764194,25.329160164321014,71.76935397633515,63.92309843188976,209.7460659256722
54.09720284818612,79.5844839834138,10.955493848227214,70.85848215173664,637.2668326703886
69.75661150609011,54.660256890978204,59.86223677552718,70.5854566344714,394.11824749129494
40.90851620223999,53.64106041286536,19.055895807318667,58.679696329178405,599.0335934039787
92.60147703128166,61.46854492616623,69.3632789867873,33.76522956334679,533.947057101292
91.80802007007945,77.72766761476043,66.4297635396242,50.41121161365703,405.6385552567443
31.401495145155952,44.34664455315351,45.55953162391583,80.64216346548466,280.7457602624646
52.266123000852765,67.46113067913444,58.26820989674837,62.14469003665843,256.65133859628855
35.57465633442542,59.601237479705375,28.57625848878113,59.60825687906424,698.9109998673341
34.211442022084746,38.69197891185949,40.3375924199611,44.78694329102064,751.0385252489348
13.135390525135287,81.50409904486105,66.62276732828538,50.264690595411835,589.8728280585797
61.81296838829123,75.81982151248496,39.444889787991045,79.2440349034243,262.06046891629
52.72771697445322,66.09162842608978,31.834869899408133,66.65546761397596,441.21633013294445
14.375693856249095,79.54072103659693,42.065933543772495,73.30628647137831,637.3635200630943
33.68494946011197,80.71059406718616,67.11869393279139,54.98899826872103,667.8925304060408
87.20260030716557,69.58540837005243,30.140603552815456,64.66359707008868,270.93117337465316
30.362760706692654,78.59093298545704,18.032119485180786,43.66109848087641,200.01843130722946
22.31606412775396,68.82300231684985,58.40105152480856,68.80034566559175,627.282227528363
51.603484623592855,67.60985402322103,66.94836595310613,53.51807335368355,413.95770559172337
93.78028859940106,63.3027964750629,12.547810889265,54.34000331481101,352.68879897095616
30.574698078477535,72.69016476903488,22.990558456695855,65.71272785172849,207.73848187371527
67.13152152949968,31.102357370515158,15.647899232074543,81.49543418079097,524.1796440568999
74.73766730294099,81.66095314392498,31.095605868662496,33.52034906347415,710.6904412555891
30.199191239353972,81.02904694216625,38.77632341790595,75.36087805408542,774.5789877635527
71.89838963200806,22.04730981241914,61.161975272247986,46.081071072670625,539.4469703679736
41.261566281136524,77.80717253953338,53.83606886612556,54.41556999785078,508.6767966439365
63.74599560045426,29.020890723141164,51.569642560882336,31.205233082625494,251.03383129354467
63.85002541467605,43.45831979813993,31.42812099572408,46.55753428088722,529.3236809255599
55.54084814635447,72.04557794041254,68.108566481357,57.64471834465718,427.98744737923676
17.674630454624705,31.253192723381574,40.346537554862344,33.089684254109144,564.2811685301461
81.00071212508523,77.25769168833435,78.43287035113659,57.01026511607408,433.235808725928
37.26630552259755,78.24939245704194,52.560660372180266,80.99108458721349,344.17947407022007
25.85407338398761,55.52274136325853,14.469855617337705,35.79662699592929,256.9791651370259
13.465887032154933,20.44701102017835,55.71331715565755,72.04424004415273,388.95106675333744
60.22590017100055,40.09266932224389,29.382801157377422,52.5319079356796,257.9869005726514
67.59297075659401,63.18488428630195,56.47453975145731,66.0345542988386,306.13817049439035
11.409965458867774,88.68303246191964,10.22308611218043,44.31301288918762,792.4016951477275
53.527909955438886,64.22694689116679,18.116107788196956,38.772074439774705,466.4621341439712
29.252140891824727,38.186250674491184,69.18029441793398,38.825443784917454,519.1230599030099
64.83968718480324,64.38039921697279,22.038466776763617,33.87705701037296,724.1711172423292
24.82114646542427,57.79897658010988,67.7780843932205,40.21056876956837,797.3413402944127
68.7297077387096,74.58917766058005,25.945706634080782,66.53206617439326,549.6286696068089
42.87250443554568,27.488644717887087,53.21614325440307,78.49298365139293,687.484292626503
89.62204904262244,73.27195317514196,57.061293013237325,74.7769127075139,396.16461460200514
21.689280252409425,57.88866050732772,43.44910648587897,67.68238704309663,383.44637446837464
38.99063983927198,87.40944027012962,27.898300752254848,36.07375248761065,441.6222325967361
19.645249305450072,43.931051622708026,20.94832822783221,45.90530954627724,603.5043576041894
88.59895755367783,64.28353251937637,7.489201592181967,47.03937814273579,609.3150135530593
84.57384503738339,85.24196738570123,27.795980093054286,43.74763205186917,389.1436607896705
31.925038355788228,27.17568095934755,53.98720928984623,58.32531128403477,279.9259544819772
66.09864391290522,85.60599410655158,75.3728613836362,59.455459818381996,579.4377538793051
79.46388701710335,68.15200056105694,70.3403361697289,49.62872863441106,276.9955173132587
57.1920689859543,24.748594137362034,62.45485824014769,49.45840373050398,547.095504937598
55.02029916026055,41.067449686277136,64.1335507439974,75.57055788483447,616.0532768337854
30.557444726538392,69.57204620516971,54.873867760699646,73.4111066575827,620.366897836671
17.913735263501433,24.71454210281402,24.521514317450226,46.92877074244101,652.0832663957581
86.26333942603277,60.75193221233913,73.03962730293723,80.25836441302926,723.7156529393988
86.53553485888308,44.21181398670697,55.30492339293755,82.40482593513784,499.97539517887304
63.81362386822777,63.4640862437234,47.033047323533,47.97083981165224,638.1495137177427
38.81753223913955,23.201942366875898,13.32421019101108,49.49337218361802,571.503641219502
39.68281384207617,81.00757643066635,38.52916578548191,57.80987843820773,311.98396387860953
71.70623270397034,88.14422784241778,39.52687034014447,81.76164468935204,215.4137869216449
86.25437209596905,87.8214498699984,69.84227071420025,78.19756882282714,370.72483140616026
85.40234606253497,72.47562822200473,45.998616514084134,35.64123794209744,465.82022380257166
76.28942139789802,29.106036809144236,33.53004117278073,51.600190879927894,570.2635666571938
64.57268992311447,73.07842371503159,78.26002463829946,60.43541543623745,709.9755983019232
17.15189702457915,21.721084152116106,13.304044499473676,57.6722859903347,317.7474300236994
23.73844069804217,21.548648607029808,36.691132123395846,40.6624687365291,275.32987393908627
86.37710602480173,42.652715340467886,8.151850637855397,77.2349224142485,778.0879684845966
61.546470071065144,54.205023328326604,60.49280905751978,67.23174306482605,264.82673562584426
10.78174938741352,73.92851924654553,73.8557414149363,76.0849606168492,487.0946420643135
18.62508114361273,67.83067636245536,26.002799716286706,77.23203536422096,551.3382372759811
66.39765037418474,51.21318944637238,69.37562575993407,71.15957195161569,524.8246525444629
10.430234626928588,39.15386663971661,26.916367284642334,54.15658306873445,251.61929421976592
23.668684370487384,89.79871501103977,73.30776212329364,63.58007152584835,234.21614840217163
56.64237209615982,49.83269115651811,61.54714276975879,38.820097336585874,263.29005647662143
68.81109180387892,51.59709170307728,65.3680082631079,67.05049796111993,551.3526103235674
65.41670705772106,31.453667483416844,6.350491670034088,39.85892906566044,526.6069325805927
29.06289130414758,75.63666841249506,77.21077678055195,68.16722747805863,340.24447522204656
70.53523381454055,68.55775580470421,59.50032440527424,42.62789884146828,582.664485107355
30.166172437228006,35.45387289521322,27.85633215396,36.4653215082621,692.0405012333897
37.65897434353776,25.76667319310899,67.20459986441352,39.09064695786266,224.94737590795626
73.45176943503205,67.63495114522992,26.114089881119746,30.109567437048863,498.87796612882545
65.21879641901324,65.81578499967947,70.4565379674596,69.53067898194416,613.5862472616142
82.18398989200513,39.12816688987465,13.443529280895277,70.28205769821085,351.38715624181225
65.89709584552918,86.56044935752873,57.77644830955968,58.32133424522927,384.6625431758895
58.30623128351509,30.574052424663016,45.55238574836827,38.8749540580461,568.1827417936303
17.96235526538786,50.26343607298213,12.240085264658061,34.59548856308793,738.7611760662421
41.25584326005185,86.05311441173193,23.142037119412922,31.052093154050787,685.9546521817397
32.54220125294666,49.38091218482856,5.930302720798609,39.11614973308714,549.8781314597501
30.739119687222104,64.696816336486,40.15759740983794,78.99705442407307,638.1330306543496
92.70589715395788,47.831607857395596,27.59489455700003,43.2845262935925,418.89348212467917
43.41330659667464,39.1950641644069,49.87681132233191,49.484922996946864,584.5793168592546
85.82395719005463,88.87843535718798,27.29283557814629,35.794001646473326,479.7089546765342
63.64678320976735,48.65338044205301,27.493933363023853,42.22987176114937,313.96168187453657
77.55896080104012,82.58694425753941,60.739489904870254,58.557351392911286,621.0429643263543
52.72415291394133,36.09682241237603,8.610712698376508,63.42639757026089,533.8787824092932
59.036830193240526,34.91732928175583,72.71712463939905,43.49437727914161,415.17294917215486
51.864003974603435,22.179385801915796,68.91979057933861,33.175268757381446,746.8035140471784
26.595653962833783,65.61667777631195,55.08535124198049,51.506807802006925,212.56047069603997
71.40842979722795,45.796844060663275,49.49161775805382,42.881185400948375,389.4638907496976
33.86565080747275,80.50507748877459,71.92268736047392,42.07546577763911,234.12883866658794
12.066857146673577,53.124693468409,18.89976346465358,82.79245414924003,659.9163897329763
64.86514515210926,87.77353995403053,10.922687164312146,63.896526725914825,621.2644724682756
25.05440774959916,32.98678609921848,22.96326274321536,60.628314374465276,398.8113312417902
89.93897966999772,80.80362175689275,64.59337090251427,52.8676306937827,605.3977413242438
91.08392904521993,74.36177969542192,7.60027000448625,53.59193833865794,437.5623357175699
87.76347316873813,73.96452912508364,48.71051263126172,59.749775211094445,653.7522748534606
41.46348952171277,79.13482596818213,79.65781371434825,68.3036393869859,472.5101976420236
11.313812404953731,73.27167936600992,69.17720703781545,68.61803529000062,447.3678366989993
88.90707781995665,63.835422514199074,44.10842667826921,39.44316492379973,760.8379492929806
46.395652606971716,29.18714143776713,9.773068196498176,57.50620136421448,350.5274599344201
92.16565961871191,22.276832564387632,67.35301357892823,52.6576952268756,272.26840399793923
91.9076980525865,84.45934934709808,49.92338811329079,77.87898314481613,550.7258679556749
82.5058037147256,63.16552201645166,13.619974779467512,64.7280406670107,781.5930873705073
35.02815582591478,75.75761036833234,12.039296361751715,59.287723652878995,426.70352823631197
42.733306931163646,53.706564605878505,73.22201145774443,36.34670531984045,237.2220581772689
82.34661707893284,28.211573227367616,55.190019720355885,63.31008391278763,403.5831603857405
36.9383704382836,28.763005454178533,67.19650994875667,36.44621481241284,503.5589925917351
24.40688346831786,67.989570106028,70.92341752117005,48.54636165611636,297.15380397932825
57.328107308959765,50.12141264296239,47.88292640362417,37.85630806478825,594.8613308338952
89.57315580366638,34.03673086902357,43.8084763816281,68.06405058634029,798.6496334061204
69.1625327173727,54.41161827190058,37.282055774074266,41.34386626098839,471.0436855888663
58.455199457596024,24.494625595259386,28.770994084333946,51.552265525341426,412.8371340381276
18.260001970515326,60.73799813400792,37.594697064403384,79.26211276903283,440.42250010067994
62.275614269429425,38.82953831045684,63.040974179761726,41.237401086943365,269.0877070371207
94.15457725886237,75.82913704460317,50.14425732613487,57.929278517732854,729.9641608557342
21.907141295104545,41.72533712465017,71.93924674661346,53.059941364131205,448.89539331281117
54.058020450917624,51.86541043572608,38.25350107843908,30.996822257515134,432.3646468549048
84.57671111387621,20.813437793567044,50.53171840390655,73.6016962465047,595.8141637582846
72.96533250910738,25.071282145619122,52.34806648189915,33.79752484730299,465.2200525586741
69.24633798459777,47.47454894846794,49.37728717297441,56.08402615373245,588.9400812847076
69.7111471389043,53.595718430198644,57.69753298141372,60.83730622164225,236.8677740784725
40.55674785367919,62.00143836835126,22.807510128110472,64.56345511380229,688.2340062333365
34.95530676248194,40.416380509651226,43.4272833159343,67.87473961193317,764.3023717276416
78.79569821567365,68.64873202885798,12.816860210626075,43.92998109374933,589.2592316956316
78.85963854773037,80.20856780324432,33.838349573360944,30.548832716214715,772.7395573152864
83.70114707930881,74.5895692225345,41.575030146594834,69.78940142952015,290.859388621978
87.62544696730006,22.773317774385,53.916819465910436,59.46111296411682,486.4497136882122
53.46410390317971,53.63548630804802,76.28982894396526,75.98647367639867,561.0840403672684
52.628885048411966,27.34511248927224,50.04882999112669,75.17635995953819,549.0419884527121
77.8550902121759,36.943151110376924,60.76954371324199,76.38293922833358,440.877067453426
65.24693411611004,89.06638152870025,42.96995446214021,56.68020629887471,402.85064561975685
69.66718456690478,29.974688003105925,52.55780235322485,48.34956177102761,276.0944135302513
77.64237690206859,54.922170741594925,10.319916210033007,73.53570114252534,435.0454703373669
85.65045405449314,63.270901402268336,24.079368563138523,54.82117621660902,297.5964890632911
38.729588332380544,69.17254793808728,32.1389819903854,40.089320802188894,640.619405895331
41.924550974395245,59.175407844083985,40.43700162548852,77.02357107588108,325.298561296754
17.988464886473864,20.683959319342858,8.42365591267878,78.5407932224791,235.13918317072032
59.15381198467479,42.85229157707943,15.501807316498827,55.64703658770935,531.4196826903406
13.055093272723077,56.2398150369298,25.761073084347935,34.163485002038314,557.137839631641
49.57583154125911,26.150654940138335,77.8649518175788,51.33043494543122,723.1478367683033
56.12479395014401,44.543885184642654,29.85102553272881,74.19457127044319,546.1889674506092
34.35600643090417,22.32421761539566,41.15307935840619,79.59757157004258,407.2885122340674
60.22082714836591,25.500494800851452,19.707328455379468,41.19100083736777,681.8071289157923
12.592521244819201,47.78462933411173,50.80850533068262,33.683548661389935,524.1673359124527
13.174596043683225,29.290102783014227,26.051241163698073,78.25427492230612,247.56817077871506
79.92104765607095,59.72785937830907,20.52444338288201,51.41727164383814,539.510336187948
40.61620451995735,68.2625478396086,43.74294713344843,59.79685303471598,744.8111272529974
20.800143575410207,76.0410689376358,5.412934937031562,83.24361966279174,437.7875752989323
54.39067710465837,34.010517097136706,5.5748024486919,33.661060035282254,377.79548113988005
75.44945201338192,31.723780758134883,21.430160682639332,65.65749040986526,286.081674210812
28.34478733723167,27.31974882340802,7.754102187561585,34.07579824161769,290.8673131612144
62.945690444615025,64.55011746805457,13.101931559801853,50.65079106565752,459.6628906050913
17.25453452447028,69.45330085408308,30.41454870040637,74.20979998563956,557.4078944969177
14.392946299331655,22.211030137794943,65.19392596848596,53.84097280155989,248.36924310176104
55.16514368329258,85.53485723705829,47.903648252697565,84.84502946466228,763.7411534150995
55.953985336859056,23.637989855603067,43.45007944673123,60.74826067206312,653.0801704671176
64.18154162734756,57.890743471074934,27.011661740609124,47.66391839497744,551.9743509701975
71.71776336642623,69.63423636156415,74.88152895746123,42.10612292476142,697.0632025633945
92.94742675431544,80.967838662226,34.77612809278938,49.278629385738896,248.11205408726798
53.885529605601604,69.98608524926995,11.531957509682861,50.489330056775295,486.10332663987464
37.4513002000059,76.12096581488544,51.2799887088351,33.77925227481785,578.055876116998
77.59082655533982,43.761513477996424,13.537879510745105,50.32658096847253,697.1917436709736
33.02074135727631,77.03775796225585,30.891735710126905,55.53311858565737,670.0817360295606
47.31257075997907,25.60803924692726,43.05589540383566,69.75057637313427,366.24154982803975
16.668792414092607,82.63716592423694,70.56668935138819,66.12012165968844,764.5281017355226
12.154813190313888,58.331466330761536,42.0159935255089,68.98211103760349,274.6075048585222
91.82511524762363,77.21084389737456,57.66940745237482,30.46000250322714,725.0801711726913
81.05831024353749,51.66227991628101,79.46126292493028,41.97170697692948,782.5641497627711
69.15780751796433,65.05043866375675,14.861683992348622,66.3926358619921,306.29211393357537
44.76100027521294,56.84818626552792,25.604864413963963,56.61941524988609,633.2396385222712
24.73001720602189,71.21126652287323,34.593205669823476,30.292241161759026,224.17131126679908
23.29714862704231,25.71409874214127,36.63711339041235,74.24720533375023,443.25369508349297
31.270646343990602,24.224645879339466,35.826580644915936,72.50452653096855,509.76997951860443
56.68426650002024,37.29722638071025,73.07082519174162,60.16305396464595,548.3871355457804
70.7406534295053,31.168127607923182,58.55244833501423,33.65548291769497,761.5623489491358
66.11677702100715,81.02484966145411,50.592891056802785,72.15832772429215,603.3504123765168
33.794381240405144,35.344979115063104,28.202953839708655,62.10424732522502,488.7667707315422
91.16354885637149,88.31056790733919,66.7842788165971,73.00779874368776,685.8050217595336
72.72123791914032,43.58270542397748,76.62953836137417,71.34608458177122,770.3196925726454
57.12009446346906,32.748254098208946,66.58987119126698,74.16511395768104,213.23968920937452
61.99626342991994,75.27889549997354,5.117382889360468,58.49044365225437,789.5127633536232
45.666005306362145,66.10954428506133,52.730102763755525,37.71784850064333,251.6792834382082
31.057134107598383,54.87370015171973,8.835153608157555,66.91366103588288,688.6320675612568
40.25767768535724,58.87544856563419,24.32054152502914,64.12605817785838,368.2008515308475
74.41691938947137,70.34412447905848,9.464352526082877,70.82392529594979,279.3077946523231
11.223446533529248,35.99183189319091,50.28465897120408,39.34345533279044,463.91338382830094
19.86617444308788,89.74337412397193,56.494243511945506,40.72363599451591,586.3739476685681
13.910224571848984,88.23552135027482,13.586572854942883,78.97252344706307,428.571107014085
13.461948197112461,65.52279804428558,33.78791622837346,71.24877891486389,232.7392449696194
82.71414964093562,33.96797156504016,39.21773817166565,79.95256687851776,559.67668379523
69.81091804730201,67.61597697019039,32.67897663206874,71.72934266401563,741.4419656664048
50.30477547242264,25.05388862854231,14.07687503638948,62.8435418294666,429.929219568351
18.315903655335127,22.145675154406426,36.42108426406065,65.97730053653305,329.7996665784962
51.78734938493075,38.03780219578496,61.33835358563136,78.90203581670055,465.5464075596892
50.24510051634808,52.383606971752144,10.325574839994161,61.83437149815673,229.01762662926853
24.722158942351292,80.77907537858664,11.013501056142758,64.7815228380613,692.292550688165
46.87739018522771,70.90183488364156,31.607846887698816,38.606219380198034,695.804486570112
43.87290242377674,71.98945648399868,75.62942837141938,56.065667106385646,552.8002780577771
62.3472583344384,49.784533411365274,55.14294850421855,69.40184115769544,411.8617333630337
63.98296032374972,44.215449478287404,55.90024675044236,44.901848407400095,679.87001866747
13.850840830623785,45.97271340892219,32.143999312839874,41.12397992884942,532.8122148730204
41.84207224325006,89.13546946152405,49.52455934064038,47.260474452342855,695.5593851300098
63.19809283571009,22.807643398873772,5.759838802080753,43.28253453960584,578.8752755498124
52.76658197930745,80.6922047285714,52.70720348071566,41.820195037001774,670.6432839276783
82.8016365010074,60.507278600067536,73.49652106821776,53.36679635774478,559.137795930656
65.98895868761034,50.703079343271334,50.94301012586144,79.93111826359439,448.4846409293997
23.849426301921525,70.76803622905956,70.52739450997588,57.888280570629504,774.7675159556825
15.998343529036536,54.0668258997292,59.29797915995704,40.335620944842766,524.6682949273068
64.60563864753684,81.13962666571624,14.041881230276768,34.233441815948076,563.0537111243231
12.253461396037855,83.0491304807881,72.68399804643813,68.28858798258588,332.2925836488496
59.79092440824438,49.520464881141876,9.983288326683116,51.05393204400133,575.3904736563659
89.9195705211214,39.37794580645361,45.04756044108228,75.20070206219475,542.9645896897663
58.91530511944971,61.464523001535355,15.660284284509325,66.27309227524236,310.90303876821497
42.99444372755436,83.86543419316837,5.877995804817805,73.79327977977528,235.75225841188623
64.67949856760002,34.746353230396664,36.65256950957293,44.95703216801468,562.6155918288626
48.951495691778916,63.607660849443796,27.128053074061718,68.0797407353582,658.2153616101923
56.37742709185447,64.20921540647643,41.45003703482023,44.523409158154536,514.0408225532049
90.02450874600464,71.31791156906968,48.28999150509131,81.64876636976604,336.06357519178744
42.81872421306581,29.209737958908185,8.280430423171051,65.00058548433559,599.9131860158209
91.7011979250327,70.1077475277462,14.225247134280924,47.84814900964382,248.06343596576136
86.95480456626542,83.63227644659487,46.8981797337819,44.823152426075,465.1002228811728
26.6422464570902,32.57781762091694,30.737551487949368,40.50096217894039,298.0200550390521
15.895710574389064,36.62803274467144,59.6880115662086,68.20525273915503,310.67543063593
18.566130117081265,87.99765658291477,53.921873644395475,42.029358714886,321.3763694949222
11.548855180381727,32.66838668966429,68.42032722424301,62.7416796260119,432.02423422638674
18.027651664253913,79.80695653587054,56.9369620001919,44.55492648089465,230.6901233722386
68.05557574039034,54.45944995136244,37.24483080426111,66.40829196366278,438.6760645574589
16.051035119119465,37.30617520822239,55.47249667958243,74.82168506972965,507.0244682688205
37.112928574969715,80.9524930890758,25.65358806915639,72.79138837295592,489.9765709797951
81.81440143240364,51.171367850186584,27.973512408365952,71.84682320119299,429.67046024182434
11.9781145375452,56.03721477507831,64.1738869940595,40.324732313073866,703.4879648424514
79.22982102005955,45.1463358579836,38.48146373011866,34.86117208414853,287.19601545230245
33.95765585573899,61.50655960044492,64.87852553887643,68.44218556680622,503.41804626882436
20.044010347840782,31.446671080951596,66.68167802512087,50.259096758689324,237.22485017393257
69.2226590559528,47.375707565623244,69.31717532459628,53.7790424521841,242.69340732674584
63.46014197629014,87.85886256347013,73.74764268809055,31.71320010363651,544.3195098062578
84.5851211497995,38.06934028907892,37.32389153849722,44.2767047101277,539.6110549326926
72.4810387233303,65.97156651789045,28.915011374085413,31.85220221309552,726.8201077066742
78.29587908271213,42.76330449572864,48.66490599455854,78.35521749306862,534.7242053960439
33.972938668561056,74.14311879806205,32.83793175782207,43.38681757701917,775.8746122429101
25.08236122127644,29.16115625028449,50.08056251001747,60.653544326515444,229.21690903995787
73.80225388947295,87.88747315549813,57.91893969828685,32.14386263636217,258.8046108684446
78.58095283771745,51.76526789685475,56.630376386910264,66.6766065218112,226.43951694222883
94.19293707005723,36.52353243425247,33.0914665265091,47.76650401647517,311.166110200124
45.07250253747125,25.144772313100887,17.51451512740646,79.38555528267162,524.7620665650069
41.62153729238657,31.883053356127853,37.289700384665565,78.84650039137196,587.3433088564568
75.99510166306973,56.384176398921234,15.694560806143155,47.89098400989613,227.35109476920127
38.96830092150652,43.59022235019004,71.75727763878562,79.55284926297574,767.5825339073596
89.114372676303,78.02183561178266,30.940809555339307,84.78867204243284,705.2992259902287
82.965083906656,50.162126656326414,16.584481041749285,75.39786152681714,377.96748929425587
46.46449232687656,37.40999908113409,6.908581992931316,76.4679241265376,246.3125181358808
73.82404076227728,63.2001490622821,53.436678971486316,43.695480485999944,301.93224393143436
74.136144297198,69.47440518198121,52.767673809105744,61.718631937176596,276.1666482529836
18.76552885105427,31.69293355306649,30.545312493596875,33.699075268205235,273.9702675793681
86.71699706776317,31.733345140182237,10.378391663573826,35.22048652519183,511.13701319944033
52.94645165806786,22.566999885348007,35.722167117142405,84.93909366183098,347.5084654960402
80.24888461915803,71.54814105459484,28.341312129754517,47.9651587184251,414.88382991748665
37.204216087602,66.46631693352636,55.7840479801257,71.15011516268655,793.7032000305935
86.11947442217703,53.22416130248697,50.43344370895178,74.36657791647491,610.5885493552069
43.08214269240386,79.0919314278438,32.3445296148155,77.19127990539761,769.3884002282008
10.92120037582536,76.39691070650372,21.34194156912426,84.86955635711861,285.5339330198693
86.95746799563742,60.97480550777265,79.1026974616694,43.28230668912773,429.2836848995415
17.75936752682135,80.7789896359281,39.05012158970862,32.21929547728348,532.8390819694125
37.14165919518526,34.40888470257378,56.62056768351778,52.61553348970223,246.0548371332428
90.75526719931842,27.834373357840953,15.541472568377058,37.15443684059208,202.51246617677472
90.80160748969227,38.88247280618927,41.419227474454836,31.23342390391303,602.2606002781505
58.74222049047932,23.99607992625204,7.065253990209912,49.82347549278174,585.0917100808613
63.70616303443294,57.18186696007224,42.90913384328375,73.105603809138,446.4732859997671
48.11786936815718,85.5623984606473,77.30130553382767,61.139938017378896,493.7864456192196
34.922915594335485,22.754047846795675,33.81550347393502,47.20278940656947,449.26580035525376
37.936486356442856,28.547693980701876,7.924700943118369,65.98881030209958,214.40302690693332
67.16406876654827,51.653931979840465,7.321684318950765,42.76099991698459,401.22296373047743
73.9518350022028,85.37125122695335,34.09900699601521,30.790979533964677,306.2493532383739
77.28421871669713,42.13092734837254,17.001870234739553,72.0394362540035,259.0545134608212
77.11754213753709,55.50643660818747,6.751407224613944,64.3058696675205,774.0322603336099
17.75251875913868,22.910100133527447,61.716021046263265,71.92664434755281,559.6158350252994
52.025725899719426,30.38402406734622,39.389225666141805,32.14159091782161,637.1937705419616
14.892494601414764,89.06410860711928,26.693357897949088,76.04157953068588,389.2182459596705
56.70995499751752,87.55830875052318,72.50623872623605,64.07394100199667,435.8882776964091
47.53009261673704,20.345798665408672,13.71042201503942,60.98674428919521,342.1543963380341
85.45485553445548,86.62682497962673,76.69391217164895,64.35377264629923,258.1794025792548
39.82777606692669,64.73839564708503,28.54750380330146,77.54382857776002,307.41898246495026
19.950696396346498,80.75428061640154,71.63027542315109,62.281507860739886,678.5084271778915
22.15429297449105,51.83178989437013,50.220715735959615,61.952270893849864,606.5274831102655
74.72840369598514,56.09172200054752,67.00305198061156,84.48735363861712,528.1573255912862
62.54853538188219,54.21926061798441,78.80098724078482,71.62015918877124,485.0539237200608
18.595427470437173,66.6804980282273,26.63040783640593,54.326159299812446,753.4605701936747
17.149078519774783,29.775587832941902,77.08516140556948,68.90683500181103,243.64096866720104
69.5823761740252,22.098151291087458,34.211142117681526,51.40767594304837,368.3604879427496
16.18485554095645,41.55509591138336,33.91339285526917,42.58815043659244,409.9627121424285
79.85810503968028,69.32765339156526,30.529032819087927,62.82685322882677,669.4554873276727
70.03058930830218,34.129741648606384,45.60557055106889,81.05001539626733,795.5087720971828
16.91464635456148,67.14027033274421,16.560878238386533,81.10267360085045,344.40230885429185
17.21120569724131,87.89384322750892,46.52836140185084,48.804790295801965,724.5844004822484
93.86436417259992,26.573050105259288,45.6278609307503,59.022260642193224,698.3736562590748
41.81301763927023,67.08214827575884,62.14263594536525,41.639974421342366,334.79443858506
41.50458250068573,51.06251535131998,67.52374714531891,84.75971102243858,439.59954811953355
79.08796321688772,80.76995780642537,38.033101273431804,83.96148493273647,445.8037215755115
90.516129077628,32.400485261317016,27.67499370136203,65.7229911339096,786.932401115935
93.81009042494402,68.48381665583152,24.450117298782086,74.24277328226103,308.535140827339
74.03714574701004,78.66807027536771,19.596787752865396,69.3305088706035,679.4947826628693
41.982064770127835,86.12299536318163,9.323568664926867,62.62370204717075,400.51562850386597
17.097560919386844,67.82736198027521,30.6835984126035,32.93413983438937,638.5222074656963
76.05748785383213,54.80223348058991,25.268576909808743,55.01203884039636,452.0066025773977
57.46436122754343,63.24930681408497,77.48130393998055,67.11324661920759,547.015857869924
46.05887078599299,80.82334891351027,46.82816196875329,67.26423876360266,699.5670639956786
87.04012273305256,59.94268226471808,31.045777927288068,50.5217440132311,682.4993389903304
19.451785996022863,22.12709417877858,48.5350700745272,81.79305926619168,719.8539101238201
51.87313386472303,85.16640868548845,15.439752600927163,39.204636773022955,235.7703952067954
10.96505980523062,68.26687257220928,38.303281190165215,57.51976954185584,615.2303318238469
49.836154569500735,67.35593700440725,51.96757410657979,67.99861871029526,283.9924260330577
14.785778432956175,35.0972606678402,41.66733738443386,68.34246932404952,449.4911408110466
20.09952288278611,66.121982916286,35.133410049074314,65.67514262228485,529.1530490328131
19.989730976053913,47.570508395791094,79.53862916747737,45.14085173985231,441.64369084809846
65.1828756798654,65.58630839290444,71.02360716116952,38.59136127776421,511.7670054818045
73.41381473756098,27.461512121559352,51.755446861958006,64.9767179754691,797.9157852791715
59.58634503325857,66.04917132221252,47.70330208867121,62.961616387669075,281.13038822771284
91.78466662033607,89.95896080394665,51.54953598684381,39.864580565908255,605.2736272018553
41.86399925951484,23.374842720238924,20.098408086682493,68.78265300638098,437.60057983136915
34.28552733395816,88.4021928954922,34.6353307448239,55.0344595453511,279.8058793443973
83.83092589610412,48.48355725060094,7.959464966817449,66.72683253817341,295.24205802458573
29.005646274153474,80.95274152360814,40.665952811512,76.0551893873583,769.5638637473702
91.87391585245196,74.76698388407914,45.72684379682474,39.33506357173077,727.7608980270572
11.033130348634389,59.69113826906675,22.08123020774072,31.052967739826016,744.2251762490131
92.43970027014932,71.69144464759285,77.30216353741353,72.85064225176828,794.9196654964319
13.66859251579897,81.49608929109435,73.20909582029314,63.533358383393875,324.9892340051108
85.74716466433604,48.28982251557231,59.16074265919294,68.4801763292167,413.263602418437
54.85459427233549,42.892321309426706,45.003997157402196,76.09852362437533,601.53141795492
94.40200767014053,66.73153698945093,70.24768697357638,74.15460141534753,490.2815239163883
16.272708002508903,76.5492159358881,14.79892578675972,82.85060808108535,451.0337200270001
57.07761417411227,73.3599594343631,64.28823457061637,59.4764293368665,414.6867496013558
92.39071552762341,75.84695542010442,14.361561047513622,56.867259796294796,556.2683791660713
54.46331675446265,50.49083203690531,64.5657996912054,52.103795993990154,545.3560571840492
63.498884241497315,77.24839513225152,25.68256761885177,38.45300735643125,296.87470043854404
69.13863856369247,28.41463387594259,70.78179357636417,61.49339780851123,483.04390251106344
48.63599050526072,58.11423685725947,75.80315703690484,45.23568883792883,532.0830657259099
63.34243680714539,20.40310623486851,16.15969770538367,80.67191317171364,542.1721632388343
59.66671651346352,42.72100809301892,39.700670379904516,62.07549423524036,326.0643157474111
86.59843089173407,45.65230744099785,78.57405336220138,62.60620992794606,645.362835351372
13.86294232902392,47.732088412647876,41.255557697986,49.520856348235554,215.11945689264178
33.88187111533958,68.68270446829035,69.76606418859089,32.85941435877391,412.8991133258976
90.78497614650749,47.1990670889242,49.15486415984899,31.745907095514376,668.1275891213802
85.67242163072788,51.408553583577145,33.149743093970145,53.28343292842587,538.3357526332413
48.7308239867856,36.62808916120292,26.433766664440267,34.651095795348084,356.6974595065161
62.711270813130625,46.12762541405381,20.241731831456548,63.37658255470765,616.9718716058287
33.577400553396274,35.9088739084206,62.134864353327295,78.45351531018116,540.4345664936441
25.990298576519713,25.123714663791056,33.99053801172709,78.56031490852972,677.7461656738324
49.41436441989848,62.24140153669645,43.34565966505634,66.24749755727278,641.015111713894
40.03493938221449,66.77489589885113,41.92441100008865,41.617750731011206,566.0647532217408
59.61076950732413,63.36432422067301,48.29592719248484,77.46482572473796,492.90660518648843
16.60744414202371,52.44458306604007,69.91828592184142,78.73513894222646,279.90927540051405
92.82355865162415,46.585004612546086,78.55545076875721,40.81594717241273,356.79981073123025
93.82791328076624,80.43335547002776,35.568815643036274,70.55843471738726,451.4596837502512
69.34374569167834,56.33572495953526,67.06391915797272,45.75857519099176,559.5795722038332
55.56819113925023,53.54273143408117,62.33958459910382,74.14521717941113,508.2247131291829
36.30984738433786,21.7949446064505,48.01467135916799,84.84808449469816,372.9107155757177
79.17257667509064,43.887347933830945,76.70353577089499,31.651430293116604,203.87861467382632
68.20214966707974,46.613693315009996,20.03558866463021,79.35512261850126,497.74353314048835
23.82243984431576,47.91759466278303,13.194815773221606,64.2446793479262,371.37559313734585
87.42881068197661,60.61206584591326,69.04714752165665,83.53604405406517,640.764980426321
79.91566564846936,57.352178270881495,37.93623624753112,55.575523463953516,214.3677591622901
90.73299262981354,62.553356495541124,68.52266406552954,76.60633618142555,550.8966867834745
71.6861582130106,73.54182830794898,71.98176538965612,33.43167377290525,764.8845425036393
62.14029165454214,76.90900171012655,9.684319521430357,48.440347754306266,304.6455602668997
45.550658084702604,70.2686153358546,71.25985722395455,33.68590957631655,482.9896944503572
89.28192108509113,86.88665871684543,38.623929152706665,83.64387234134888,254.8531950902829
83.6154306075347,21.276280787345314,43.28243667531741,74.93356489995102,575.4091473568116
13.8435869590261,33.70445899784823,51.994438331990764,76.89010816852837,530.3190083577354
12.241192832266421,20.52940124846995,74.4786955047565,81.58808772886418,444.4193145276994
41.99938618463422,65.32322999082221,6.433707082232303,34.680691736588194,512.8262128842448
78.8970331164558,82.86213842649909,40.76326012383628,51.207867588233334,737.9447950814061
93.91847099177028,37.043760760340945,56.57915318229205,33.90691889742012,317.7765813866402
22.785435743799894,84.89241813574147,59.20302182736713,41.59362058525157,213.53870702320833
60.501110804931486,24.21871732026926,56.9399323652831,42.615117737071984,716.9989308194606
42.37572281363683,85.410521876386,15.08263470560914,55.80089660761683,546.2702494327439
92.44272381424128,44.61358810677441,27.45466912787609,44.77091920995034,734.3950732771054
81.58010846653524,27.099457991445156,31.90366440627601,35.553795874976856,558.1671340479036
81.25793990044671,54.01102314304279,65.33279057596287,39.21200990017592,686.0966539758215
49.838918582572475,37.97435974043556,25.906990431091476,38.100155995365,457.80401801308875
45.25965769870154,39.94110313733459,20.802872290040238,83.51922388517642,649.9159587729613
33.23960111411003,41.51029754484006,76.80860142785721,71.76108788051604,747.8248801339136
14.791917215328805,76.21181284828644,5.664746383510168,83.22688058982591,543.2737782333238
83.50140198167952,57.74128936726781,79.83656417614837,54.18572675793497,308.4710903374277
79.0965857760566,41.791538940920255,55.761597414304674,45.310266491446114,361.2785690181189
94.9760022293211,62.723364831764286,67.13519745868378,73.90612584650526,319.1867461384435
94.71413115128196,70.13054719562355,27.096454725964488,47.943965492263075,348.11421655743976
57.211694976223335,39.083680051347365,6.073645825029498,46.46608555379416,383.84926961062183
75.36393029034339,48.948437106774605,60.340213892114754,42.78782957143072,533.0802720519131
90.30508704000638,28.53202653358633,67.56084477505068,37.13234380233295,552.7949776782997
82.22002820757997,32.68045446742762,60.535709896513936,44.10546835592213,455.89984834511665
31.0245886481718,67.6782497775488,15.713771547562894,49.54258616606383,569.2524678925013
48.29625150135795,32.70068433869389,61.50709416927268,67.06968144801517,248.94495536681956
20.978550287877074,56.76143685669421,62.669208658073075,33.44106632206984,252.67294223489597
91.0943373169914,69.63323832057029,54.39053867525412,41.577881681593865,303.0976762145951
61.524843928324806,27.48138461663207,62.45869495966897,74.4963002160422,510.84649882420683
29.434638467794333,59.71185537402325,68.44410797582991,38.08070579710739,328.3968072189881
67.09455817449782,37.95939485909547,51.02030856780938,48.84548305873868,369.9706420955464
62.54090043892114,87.40488126663058,11.645353547725929,77.5562407021977,440.18770170379645
40.443831032791444,53.84819527039473,41.572085725040814,38.52089211288934,687.1196744062279
19.652395336968468,76.41947848426108,10.823700100370381,34.550525959000446,208.31728154771608
67.08372162538797,58.515857950938326,35.56572732743231,56.649589729400596,589.6272921419734
54.22615457682243,23.038877299837342,35.53298668442207,46.6330731203195,601.3259186244112
75.64706329752934,64.32059629158157,9.950738310518119,60.98746004661197,679.193468213982
54.21389759451944,86.598233954466,31.16154004771095,74.20926897659113,759.6517634361879
82.43542752707592,62.112827410243185,13.324857409348613,37.54316684840087,212.0827093695739
56.91208129583127,77.34322015987532,65.61764075069166,61.93844965048567,292.2702233079297
57.67972758050783,81.89445243438854,76.0766019473353,57.802981821442515,731.7027764335958
84.51555622595933,35.96558403642527,10.423735644345395,37.92433323072598,475.1111373122092
44.296043628053745,34.84313879357586,76.6336405468776,64.31991670409403,538.7543833600781
21.39129441830446,62.76866921956942,44.19324495025589,45.05022298234244,597.8163222338885
12.446527486633812,48.771992886469334,27.467425846540543,56.83088751992069,607.4399626973825
74.18666673225762,78.79029120067042,10.764655645712264,34.5249778352384,759.0442419899049
62.726311865044494,83.00161863786079,42.546820105281334,55.27712314674927,798.1696504470018
69.846780288434,44.73949655119027,64.58866583680614,46.855490742355116,632.0944765585641
28.101953728257413,36.58093912821374,58.03148579500236,75.23096661519449,372.3327255230905
21.59157542487543,74.63678606707032,8.766950859798033,33.133829984855254,727.8514413766062
11.236296581769963,39.23642248836953,10.467637652592764,53.02340012050814,229.53254872445697
39.79994249856074,77.58300229595748,35.215496197447784,55.21372832722909,338.64851172469776
60.14300338264381,49.66167775541339,27.146787053595745,69.87533419645153,738.4314304782289
43.34074383347725,66.72849295040294,22.428824229203588,61.585816629961606,353.71490866361296
47.18536837201697,26.68747196842677,26.07533741815352,66.69667854567996,332.3906357730491
86.85348903196862,63.67015272736011,65.26120574726635,72.73771071084659,282.87517588414835
39.60171469698053,51.62373751160604,74.69210402238905,77.42116355120038,715.46705458815
53.68910657858392,61.06259242228319,35.38270208956748,47.26315231973588,500.03495551465204
76.61050608299716,31.760994542140438,72.95832515993727,59.591248795014664,604.9359218324928
43.706136497307966,71.58116214609275,29.11217759359115,76.205944314156,343.43983044501783
62.877369519369246,80.39579542802599,40.73277397578437,84.4198122030781,654.8242526067299
83.30091524347334,35.171786006354296,21.95217483619998,78.92356210740698,656.0033269772591
90.70925301089957,26.70001888641132,53.035703163188295,50.430699444340725,387.5588149449801
22.501245878968227,21.654701023243547,78.42358363811067,40.73415844702578,446.40957980616975
88.75994813872703,64.93800503102862,50.261982203253396,56.91658955736238,325.8141664581205
51.82988491176074,62.49658252621465,31.836056308516167,70.79027985098233,785.9366139937425
31.95077300541146,58.2688188899849,53.586308449289625,57.091298891431364,587.361546235047
49.02653928025221,36.236296728118276,14.219050884904068,56.574947482251766,760.7263284293093
93.30276889926554,47.36341971338602,71.6494310199049,76.10267315949903,382.0313261774799
51.87253798939392,61.613343463032116,42.73129630848773,49.87720784869525,669.1345477981338
37.9438868744382,54.773680120141854,38.70123065297315,77.28870711464052,659.5151863308452
63.83907261692169,89.14498641504211,48.939859134013936,52.3742640523448,614.9933911199249
30.41237759614641,29.55078267897132,51.85878970920518,48.05282081230867,779.3833851600803
16.448382889236434,68.66011878333157,10.383185466988477,54.96944511598345,436.13320166378935
20.954776362405184,48.30231376730045,56.19629159175518,71.93458272711777,278.43039415385437
20.88389631141066,49.973973044793034,23.144876023664718,36.93011153251969,603.0253155464364
22.91172894854502,70.23184359607234,58.54644743799423,40.80305687296096,637.5858802863237
21.800309675199863,68.47053059270587,66.69010957881476,82.32946541147007,545.0363440752888
64.47435330827324,89.38791955915318,65.29688806643902,39.652039505974656,324.09073588003776
25.45980717392731,28.987600261788767,46.437572555591686,61.225002486208,502.6735650016132
39.38171908252838,27.287675456891645,44.012741923306336,61.86229566640658,387.3138419414777
86.227014842011,70.70371719901189,15.715697100455879,56.92934541276347,456.47991690001345
50.28673942234415,60.487084190448634,63.15096128023517,65.46098867172502,587.1311455067984
66.7424077742873,39.19124665918641,25.35570353350358,42.640469918869016,647.1288456145007
24.647189052138536,25.559355829229062,42.25215671134599,60.396424727721154,339.33481454080584
26.344566598737018,25.996077471750137,26.320556969563754,50.46952903857934,443.195216388172
13.473832382650704,82.59336122648827,15.037127224976986,66.3916992796054,361.4969425949775
24.359480361133986,33.430712730312,52.216827266880244,37.76729488552322,319.1789683171215
33.68017881771648,42.63600934808645,9.074902611717787,61.3982579261712,670.032331997503
25.04589116352348,35.86594815588916,61.148392559465,40.189869546082804,745.5516166621954
17.53971536934973,44.849741408235616,28.81900964458375,45.325368471327,422.139311410746
20.25404904355107,24.859668992226535,5.010101975336399,42.029039017797075,650.7673546242602
49.16619528278169,56.334185363578925,43.334685442792235,40.05607789278494,738.1971736186466
27.538366064492365,24.73287945145504,8.513893139570234,75.41410233583667,707.674526318139
40.962938189086415,76.02495554756531,25.71271683656746,45.71391622134897,309.68803312353555
52.790468022662836,36.35984573373031,58.02323655917871,80.99180800254472,773.7751289080168
68.68356043349604,57.80083402231574,9.70172162163994,83.3459588939855,426.00586425767744
13.34153188649341,81.60553612930208,67.95038692670018,61.41932584654035,403.5443967043018
77.94988390726863,65.56141583330358,5.286494199393733,37.865061746614955,237.4587963666682
63.371533106727156,57.307045058593474,23.51179019014267,50.600153385876965,491.7041924629298
16.94951771565411,42.70336271807629,60.56780421140536,73.87527448415177,265.40816938455725
84.25418304907606,43.31013391407386,28.720261229698007,50.206490078338874,349.1238925564556
88.27415404520411,66.86408686387331,12.641929104951014,34.78594700665338,390.16557306036884
15.191626587663418,89.58975528548173,32.01754391003209,60.623170101050334,685.2957940950105
33.53460009251232,66.3287432894565,25.279496478839416,76.48164683228191,725.2931902375379
78.52710878241021,59.044839215901746,68.20339266204161,73.77595129289263,381.4797904768818
73.60207368261096,71.14553571674722,28.501093818885735,39.63177270716943,715.2188727467443
25.684286645292072,52.56439285986027,64.16993538320054,67.00205379268567,714.3385624218746
27.794692483620377,24.209963982054965,71.8904108608051,42.12773448896059,658.7905702309241
41.49012873726747,59.360777111453686,37.536306468239715,42.00141440036947,288.0170684091089
51.184453741236815,87.03376991537661,73.2457357890794,78.07394753178518,614.1937081404374
62.551655580075156,32.271205965036174,33.29885404723946,43.731792400712656,767.0144387483413
41.357659363430656,68.3003423574466,77.30588123675811,44.47860405849062,609.5242872602942
49.31545087131757,34.06535820613395,11.69671433941797,30.035936491871475,398.9701094647004
73.5350297413693,57.50793791311569,56.526444987743204,77.88679687690347,500.34759045849876
13.118072245700821,26.767351475270374,42.03605303426965,73.59271472650241,587.4350260106321
31.457140269241766,51.52596553807296,34.07366040917353,64.5030914299873,506.34224523710213
70.63471480018696,72.93143302266722,52.45339090614507,71.26461701663632,271.9717650385819
86.09258120341194,44.330006696728745,57.78928187257484,38.36267120834705,387.2384267912124
53.49258257983162,66.54382071410527,5.327245223773182,55.207797702316654,681.4376183321795
55.229646247551834,75.68149725528104,17.521481656039903,49.317066304182944,716.8508276573104
19.109620963880964,84.90244736356169,58.478453797573906,35.157708944135905,282.38001962934214
48.03005117999364,36.42494572988175,54.978906018365485,56.737176686820824,771.4320514392348
55.27246764867697,47.95211410665157,77.4535628846508,80.64068076884494,397.2935707091656
30.609992808952022,30.66912093312922,62.07783426880872,32.2032515477882,597.388243238432
32.88567463069738,89.47384515108627,76.30795307985035,46.03035024215866,651.0950875740086
42.06915386389292,84.89006775470067,57.69053761511052,41.414751491313694,687.1677407827301
11.706051811106741,57.79699911963917,27.353915647958235,43.09806595161329,767.4498213355581
37.37672907457015,78.94233060634949,12.902369168814236,79.96390035336563,387.75172881729355
27.973080594706296,56.467058409042956,63.63678975087017,55.74379798288596,715.1038727309327
37.83727493512275,63.65099816019318,53.31119161069369,55.646467711690036,279.0121420617242
20.179781204636352,26.238710248121162,8.613950929497218,71.83166033504052,623.0245438121556
85.69481886289107,72.86892943477656,32.003784942573375,38.49707122027092,645.1866377083916
60.45535855209414,28.93994385446644,76.75998616132146,56.79959447550279,606.6339447207922
67.72369712728161,77.824734117677,42.530085928265095,53.64918677665828,351.3888416810918
77.07955528162375,74.741966136927,37.45468520147785,62.83008798006609,723.825888209122
52.36758690896987,69.61212884200836,39.32747038694705,84.97567367877411,301.315078022237
17.388224487431014,22.531226636733347,20.666204300387278,72.31968917451259,232.1808749124985
55.654056054576564,41.218984916173,32.653037814859644,51.882613665958495,630.4789943671473
59.881495031774726,38.417879893759,32.735994199038245,75.51541787507259,485.2854291396402
73.36235530566805,45.20954852300633,8.92662651406043,39.38895998218641,709.4588119752057
46.69106142952275,26.134992273468697,62.56757213884387,31.675502746992805,430.0382846349554
20.84432573762292,85.5870476121744,36.23783239279092,41.24466048553502,300.9671531046277
34.12095199289158,58.76615684986634,66.66349151123174,48.722635586284284,701.8653154819218
40.861995193883985,41.38670174606165,68.77610008399216,58.081941660275795,529.345778984043
64.9029655131861,47.788706195199836,20.899554102399357,63.83210272976599,313.51747543421294
58.51615589685751,51.30417783533849,54.301511162759645,80.0833144467932,632.2303991518675
40.26822170131693,62.04160333524321,40.421135312223626,58.041970525275175,506.6681830937003
93.85379614740327,56.09755993875484,71.01175534411138,57.57016045441512,562.5877893441918
61.490859645335405,84.35743812500921,21.18055093823406,32.76336554026402,476.5390029239491
30.16427729755953,54.78744380340812,55.835990023253316,31.92013539609231,697.2253902908038
18.65151017273432,89.45106103763189,50.581409168954195,60.31379790540046,697.7376294098299
22.99302683066822,79.59974704215671,27.147610817887458,54.09982372865895,625.6332930946317
30.90640691268319,34.59573600501351,15.245067773837945,76.15492172391643,263.24082643787733
23.657916727062233,85.14166502507413,53.872982035795744,38.83737715915149,703.3123171424413
25.858197044360992,28.145647851983327,60.3948093599248,31.37344141643773,602.6077883197459
34.233089338977,77.22147959438341,28.67205078225125,54.69713223615692,618.2144996025797
24.73675560005416,46.6436305433606,53.36244530167353,43.061320621374165,417.78970424232295
86.22506109324614,81.45820243115486,34.63481807086275,32.72879053363606,727.567733694204
16.819868381239587,80.76396830752152,58.49051624619633,69.8529057766196,635.2229601409144
54.583468113471646,76.41477800823348,19.941145617053984,36.13761499764861,267.5542799175167
44.88373029412123,75.3021305414943,71.76612519771308,63.457572500427446,444.66682064369763
93.50218243723154,41.32753973686285,26.55571973491848,45.4577362591789,731.828217176085
19.52330668428445,25.664349813587652,32.58394908171147,39.54228276952621,228.3180210184274
43.81772591888804,48.208612513561306,9.356896406026234,50.886333760562465,776.8499717852297
92.40498682840635,32.146716049055605,13.36341592409573,74.07951769226244,607.4975409917377
83.56810570098833,68.64657622317232,43.68964270342461,51.5651467297515,578.825586586026
79.4511260306888,44.22698085764499,25.069450754597863,71.29233070660806,362.33555389279485
31.921740298819884,88.29271406019404,67.66101693066457,36.90174632395329,349.2750732435062
24.525444928155594,64.86804541417324,6.102004149121538,72.50242808157935,765.2349316931573
66.83467369357663,77.57363945440527,33.43205365039522,43.03133286986568,378.9634725404736
88.99695907584479,29.276727091929388,30.300916007681952,67.256622143888,665.3031780313996
57.32484590618403,80.34101375908358,6.449572318820078,61.1179855162548,435.87307892424747
58.58707860494149,84.59300333593761,14.327629925038266,81.10295944664281,283.55244247082237
33.798222961124154,54.09433431732551,36.02320061889765,51.30273848864228,206.42917861721537
75.40689932131464,62.43770564256842,41.9648438335585,33.63908538589423,526.5544022091506
25.898718627389485,73.53668606320969,35.32173104411518,31.05355170531891,785.4672911293596
37.512735094360714,32.23870390822888,44.820325880907035,75.47722085350142,421.4817162855227
46.16209728239543,55.17962535244097,49.63487561792611,58.86046007137877,414.31540039582694
53.14688218817868,47.906411944061915,5.744286584587672,72.63842285092221,406.45497070966525
30.60482725528182,30.24617945135744,39.807136959012794,42.89340800063331,512.3263023829151
19.7611301028323,45.727409560407196,77.26244306656912,48.97960600322786,464.3989300545761
61.90270360753877,24.772061656984548,43.927421009716156,31.655712971622542,727.9487760362086
34.53359702542174,21.80683348646409,55.815670059421485,82.88207785157617,503.3124750340942
59.40524882092205,29.461640240837593,28.38978934376624,66.73273486854474,504.65470291314125
23.120830798307196,87.41805781124216,63.04935336145719,81.32627982676183,283.022956832334
50.89690865765949,58.467067512651184,62.969111140708634,44.60230240859898,789.6437245462316
55.2701017668848,87.6075512807254,44.09720357406042,63.63049861741135,349.98373452129783
14.405000629906286,50.27485148310924,78.20103674594102,67.31749825609508,244.0184404757616
38.61136364648325,41.82712931596817,14.416266107199004,47.465233514167366,597.8877493851253
21.42524753981281,55.429930398817085,6.271074866718575,76.64600792585966,557.2198220941236
15.386872490185258,50.76581820430371,62.7618658817822,82.09388045951363,449.08739239564744
94.14661975314534,27.396527898322073,65.53666530236619,78.66703147328025,453.3153403284068
37.40007682285145,64.85784202831444,14.015542184043218,70.64868367666548,671.0383526278588
78.83932789764397,35.12267277567197,24.918712471895457,45.26055738487247,317.4275840597894
31.644455654919927,63.37115684284807,6.316427252497168,45.48888231580975,692.1519913669338
67.927731389034,65.51407646787074,26.99814580854235,82.98481762453208,589.2482683370108
74.61936809062335,30.64173971900537,62.98564054390036,30.56564727646306,451.3818642677146
60.62929295166676,24.29447389774677,43.84703957844342,69.38274852831795,474.81716995032116
50.08397602676346,74.65331102479078,31.107169487621608,68.84353894053942,353.9883243116575
45.00647770251783,52.18602966385241,32.88044711797477,64.24792475223886,651.2685996181849
39.653802656154596,24.071465685383306,5.1015219286601114,84.45598653477762,507.72484538316064
89.0099772610652,89.6406422018837,27.485039567392693,47.15336896700489,392.51272564990614
80.60264966195697,24.044639269745666,53.48440562284479,48.69845250862865,557.6300694565701
92.02728740665357,68.65246602009873,78.06458328622678,34.34166716206055,797.4406712307938
20.5652639962713,88.85752476843895,68.52956202379247,54.353897509905565,461.1573677939323
72.12373539230975,36.742607295114794,6.769622348414685,44.357668942916646,752.4148404671718
89.75893882978822,29.95745580810373,72.39204535061295,48.88626861977043,407.01010395473963
25.404810624081115,28.496945759570025,63.739880997396945,75.90144846405951,232.83962415499153
15.652182726176086,41.22926032973169,63.52820926782353,81.45164824401226,322.54526382105735
72.99525518965501,27.07320677074527,39.34968192526786,40.21531896028521,451.21708599661054
58.83021462029251,68.45129391858924,34.85039697158771,50.487991235440624,331.7809571567414
81.55544602445312,24.36042586910439,27.718679662489446,81.07468091634667,200.13622293095332
21.88065201323461,55.65954897048528,9.927114421577432,33.399465337907245,749.0009226485164
77.59772150809067,89.76877976970837,22.117652262027434,35.079829046125816,706.3276467385574
27.138322204058284,76.97791886542132,23.49527262335185,38.95350440634262,645.3753388921682
23.910755143584883,63.06536067617076,41.30578022826512,62.736705876978114,300.68875738761716
23.9625928241344,41.43775345506282,61.05833049475205,38.27597490532986,272.21814572599163
79.23885121966748,63.672708540414696,40.535737129846,83.24420097979035,240.56284968342987
66.541763759177,56.89290247381562,9.338333708537046,54.56929899921862,634.4175132637527
54.46056110537514,49.82583687232601,76.83423507411528,57.58348781925915,757.2847764127312
40.50059115049771,29.149726371813962,75.70432393205841,43.56622386929736,458.3214925478222
84.56204596911421,82.06229506683266,63.88921573613063,55.90281388391034,271.4844031976289
43.357834130924005,51.484925417492576,79.34959261731655,66.40524979503564,507.43569243926396
79.41095235508405,33.62357582745356,45.83617496001972,71.31474253247235,409.2991444751781
47.326467228468566,45.74315456141027,77.20762626899045,71.46274454904523,424.89495460999865
42.04027650111714,48.989082677024896,10.670378046256308,61.78401119817486,572.7983744934244
49.32778178191655,77.9276526896812,32.42605611960285,79.73978762466214,631.2308679573214
35.61711930395208,71.35300663929814,21.903595100507438,74.95743160183602,266.3621593238965
73.54679731498135,73.85134255489379,19.687481310070254,71.6376463084244,221.35413848388583
52.73123315786073,20.772188510005304,15.560221166950706,33.05830369242533,796.5981816114289
29.73807908747947,49.130779872583304,51.68102311744975,30.378287922080712,339.6370093493311
86.46383872833832,53.69409061447266,63.59913918104788,41.684600245751014,232.29831494507545
42.63075381672297,21.343459377613968,48.37237995652705,66.49379766523987,313.925197457552
56.20199319468903,38.186924612152396,16.022203219115724,52.615861888540024,223.37470780907853
87.05012943198649,73.22028761854945,65.83428274501031,52.132344261462144,435.08653677030304
63.06022965268933,29.597679401029936,52.69660303727964,78.65227885262875,681.4410706707945
19.936333460210946,57.47170920168141,34.112427959524666,79.25595664725114,404.7466698546324
89.88573050714538,35.06413104120662,55.55977216520472,80.00463952294722,466.5100441270199
63.35518451107052,20.84845422507253,24.492873443212464,47.2632942083265,605.3520641404632
38.46697724585232,36.8841020319679,30.889415637065788,68.0080697006594,505.33644204192814
21.838126176387917,88.31116284370377,73.81143823489927,44.93982497009033,716.8674116127945
77.49214108797516,76.10759783180927,26.78783792535653,40.48354081909474,719.6214050274539
62.70618425392365,87.17036510247233,40.249120111845244,40.154785154105305,205.9464172946922
55.34419281798733,54.149783074845374,71.7605853047011,48.81591914749767,666.8277838899195
85.9808695593314,27.681533907425244,58.07910127006456,53.64766908789019,476.4401601450043
77.03076295408512,58.35716422815851,9.665241962352706,75.70220440802876,793.3043247821978
22.892364777283852,51.80641341919726,16.047728320922776,36.59401014099917,489.9392455252611
36.4963757626216,79.10499579177312,5.588119307893761,70.42092160671919,792.1375672329785
31.121576884229587,26.865780654897122,52.31913426718725,59.23002028041179,652.7416167234419
73.23543486867754,54.176879591524475,38.575506905781374,45.836993847179585,349.16293076798377
12.850256952541248,30.5034065285789,15.070613817670665,57.10507714930535,523.0369875721747
58.44062321406191,42.7273148823042,76.84505907925778,46.49681383773624,795.2813836871496
74.8089882879587,71.61499541714598,44.72447929592149,62.78450753810683,714.5183646511542
84.5250791247487,53.32126905581366,23.14199705846669,53.86141575703843,258.42013627473267
39.07694864085214,46.31217996020385,42.54526783660307,39.04230409933833,623.8231980859977
79.80687089712109,47.61333949990247,55.971524955133084,36.41206910056332,407.34775152248784
19.403697641192615,52.16127378841907,10.717941348017336,60.068262513967156,204.18935712820888
81.94844479743405,74.95115806859398,25.602786128591898,79.63271683073569,442.08858141619976
20.836536298218505,82.4459282258164,65.52241181629952,48.9176727606727,340.8526530349828
43.76941969763122,86.87342805527499,39.474865280199595,70.31500589724428,691.3215623122829
77.77010609126206,75.08323703787066,45.99328565242212,66.22637452168718,402.3983653074593
22.742981324645772,42.07848270236089,37.461200165710196,81.23552028702146,696.5142163722903
29.486368594774525,68.16942942605795,8.292495698225384,75.15395595145274,200.35876330087717
71.39146831341063,50.63221868387743,17.431233486511694,61.16328923980046,384.6914900156715
71.20310560641633,37.82694354322358,38.41562290564182,66.1366774028759,344.69912858465716
64.49754879525027,78.86101055981459,20.688909905594585,79.41125566212192,340.14041664116655
68.9856177797035,22.68984442736275,8.748427149475905,51.97353315228141,240.91197185927763
56.131577684545675,83.12333944947964,68.27372480388678,47.973708822177755,312.274562246301
31.402920007090984,52.30342252373139,78.58943968730868,30.594609599935797,533.3297419313719
39.384159447833156,64.60410337657963,64.48571554975545,75.46030908053054,374.81664370264673
25.435805928121184,66.15477455440478,69.03386912785002,74.05393852218506,450.43686939748875
87.21829771335841,82.65824184945754,23.148284773778403,35.74499849550833,426.1201282083131
59.58830255512024,64.56687775170451,77.04702316348998,61.72715596229851,725.5429549999368
44.072370424909394,62.975350933204325,19.76942783400713,55.51899339917881,743.1793994063092
49.27049330975128,24.6656428392483,76.35723577713742,36.52900025300113,495.77418299351604
90.5190838670043,56.28856153616429,79.61144704744633,83.9312524883398,398.09357018936265
23.034869264866817,30.511830057192917,58.379210430953655,41.80827381048455,264.08042240141816
59.82953572142777,71.62036381050399,78.58577988438664,33.697879904980866,772.041727629257
53.00053770517961,55.85553445688721,47.71548346753278,62.71660587260503,236.13616694017847
61.97361001194506,67.61594454458474,24.465633738206776,70.6376672423168,378.59016654096826
11.539365624771444,22.9171030421669,37.77469142492156,31.784389532595284,378.8397207020025
84.13053226025288,25.935441123206225,49.517070153408945,66.22947012998623,392.24077168412896
89.23005401110706,70.14263716438776,10.481117152026124,59.27605317733,298.57210596344555
58.03632060508276,25.045903519907135,51.675744846293455,35.67957548812766,669.8968585542183
69.21532002953583,24.9879709435681,78.58833775717208,39.488813232049914,273.49871717959354
88.41244740007014,20.84759326644212,19.25807373377957,61.23858635238443,580.9439954918977
70.11528391663887,86.9550978809636,64.44463372162875,46.29966874323086,274.3076160234905
22.965818647712215,71.62558516213048,73.09240953347145,81.60736507582239,242.32138255577394
58.98451061417912,44.72759859514449,75.77761946151657,75.0307126216228,745.6577022115259
61.57077894254275,40.75749069013587,77.01017033040854,84.09619635825146,314.0772597912234
46.05110706070281,44.479226082209465,44.1094729041104,44.28189614227277,692.7500927358226
72.59776002810145,74.22574718268274,78.29809309936277,83.33479980388873,526.7785226642815
89.42119625536627,66.29594277492902,61.79826553508291,53.71786283853568,246.71391176526177
88.67332359707599,32.96368975072276,17.12535771777214,49.11353374225651,773.2689148628405
48.32134656935123,32.18765347338591,40.76750798509775,32.769223983314426,348.1767001951355
19.625233896464195,26.88769547993781,58.874838152900296,32.90208918227815,715.7872072115639
93.71150191179844,66.22119037909367,23.55052368643125,68.06061907706601,301.2860034707385
81.3063373479044,73.50608635552152,53.04613876616655,55.18609469387154,712.3657292851117
20.596327902277682,38.55324998275028,54.99503592849644,42.45868943198582,207.9372877431764
88.27156002247665,21.466147272163898,17.202480785642443,63.7683668478878,507.0682739416884
83.9411907752809,25.752016723349914,47.38139843395672,43.90719650375611,661.665547652934
54.10123485571613,87.75020243915213,62.87201832339558,61.76974648894324,760.87731049567
60.25841203831899,40.68113442341942,42.41717484019564,49.75648108404797,745.5212817238922
43.915229828961074,73.84562034866934,5.907733758208057,75.29537246365004,691.774921728587
14.654739299872663,63.72644981979846,5.677885180946913,75.13828884217287,732.9148097967825
38.49176553990158,46.73577477570271,31.777200797750915,56.25427189673207,319.5318115022459
78.24254313083097,34.398108353688855,74.46455513238365,49.29505101342586,370.5105774270372
10.393721955391243,28.49704927115845,22.15075847027066,49.9407888107502,373.38111495263513
38.34742959374725,63.05090776272066,52.57727666537654,74.31429891175199,426.2323586010193
43.84433895523018,74.22436464464516,21.655690301999044,48.049871553868655,435.99240223111326
55.67862624972344,65.07329774787914,29.125249224466145,41.49826555387653,526.7331947928053
88.18772739508464,57.12114932744108,68.6031567201113,34.65785880314188,295.92785801986486
39.43940952110671,22.93658564021454,59.66460817024601,55.66812164864246,614.7479982715936
39.49102216117936,87.79421443160686,12.154945798490797,56.5172654405913,300.53992358270386
72.68760608932861,75.90999341582022,37.152651573982524,76.2499790721599,386.1850892627285
48.438524975633605,40.497542569067534,7.187732273394835,42.16812830453352,502.0070783636924
29.091409949898466,88.59792305511955,41.06676099522567,50.954520051761996,677.8643369140864
48.45735887127894,62.131711274542546,54.682550877580105,74.462315639153,643.6815399432364
21.97284673228299,60.76958607450725,13.887696769861368,75.29929859119355,587.3206138463133
24.99289385302898,72.36512256006725,26.666370418187427,51.153609178832255,293.4639563481021
52.36126068285578,76.82388516630962,34.83774691266177,55.251821280767444,528.2272073693466
45.60866320788657,65.9535025132052,73.96482684920373,46.68072399671056,252.46790107993127
87.7619015907885,28.966702245634004,79.4941261567223,81.29051831306217,426.41790607799044
40.80348142491381,43.67872541961489,8.368347424671189,36.52540711578692,448.10991817397553
59.350009773633694,84.96585482282349,62.075594262154404,81.35621826508086,223.8868636674523
63.742464473160084,35.723092829069635,32.879304980175746,67.61265485094387,364.39285968198305
11.113028810008359,46.051691668625935,34.434363967211,59.23646839777022,773.3896803598936
66.4006766214204,50.24538180609372,61.5698730010267,31.796248343147273,772.1795646978137
25.13305718392887,50.758349278611654,73.88198241090565,56.15779055021046,411.39623255152355
91.69097698490368,62.905770774616784,76.31964458769113,52.426145775150275,225.86006536899444
22.636331859014604,86.01530864212953,48.284193952874055,38.86703465863174,307.45696359690896
45.24305051679702,36.84848982827535,31.78408694753771,66.10252819253613,435.3306760601241
17.254721786684726,28.505096341064267,64.06618143940844,83.41329990525571,768.6678187815379
94.73431140690552,33.82293429019561,23.825103744672518,60.920384608548886,284.719438122311
52.68657587815562,82.08474301464886,47.305552162513834,69.31143020441702,658.1095062009274
60.60772647220372,65.20675688586442,31.893384614365488,33.76477489113093,265.20952362481523
15.701500578016336,40.01347524674121,54.24733052809071,52.97168476993471,788.7545464347661
73.74663998393011,77.11628572780322,23.02991846701302,36.39971668404727,428.969899465481
27.84197541312479,80.29589974544052,19.36947093011193,63.70377095450807,665.1407233394336
86.33461460246068,79.25600370831947,73.86793150065778,81.6165187017785,405.5546496866791
27.43686944097061,84.32485735476881,12.635276221215268,66.39777528594013,576.6013262952852
26.208456256411658,37.65687141213531,42.946843080119876,34.22416765729319,315.209650844022
13.106721767088064,72.85293501223947,21.56395872222567,49.50664127417956,287.6126115781775
50.12569033434993,52.2377648091898,7.9197472494250585,60.28648586924683,762.8384837408788
58.0114963273224,78.9398987023043,7.701411371856979,52.176426587328876,750.5883667426601
15.585234351409952,70.99434740131292,18.14163290793705,75.85042057613448,732.4813641277294
75.9198474190759,74.35132125498072,70.00777658795002,74.80690525904942,575.260070099956
48.529550953582344,65.93132863767501,26.185905798277,63.65070610567718,684.9609267297669
54.573172892844305,32.42001386287948,76.28443779314718,50.54018698229879,241.42216214682495
47.464833489749395,58.15188432278568,48.62167197418952,44.04350055697843,400.8734251344075
44.06486017440271,88.92688176671557,37.74606423265746,35.823087501722114,388.22187485429373
57.56942816119852,85.61716465479833,48.5066626002091,49.51937259176047,581.387193171568
23.195420904110563,23.022161505790816,43.75237889197008,52.72448844642457,413.5746640823843
25.463891092098045,31.537037101060598,61.90821903179938,67.17026088072404,289.1040689862085
83.25177778614898,29.22101414181933,26.18720494796392,66.19879033636654,557.8802452481262
90.41981428135878,70.81859369897069,31.47877937002268,33.85594768026913,688.6303524014488
41.731291883779,77.24497308998616,72.0570726899938,51.73926234871368,429.2740966759839
33.013297217202066,34.94579564174703,75.9842384862804,39.9978376969549,279.36122905908906
64.73996117531634,55.40968850662803,71.94186706148558,38.62469879242431,318.01291838769384
44.742404543338196,78.849211960784,36.45859954679852,75.50161823554853,342.4899831016304
12.157840231129313,71.29610813363755,63.52741272551613,32.305336919394165,379.93855579672174
23.27297077612618,57.95660438442938,40.72517999758241,53.055058174616676,585.6770423037855
70.85763945202879,61.3243383321141,42.31548891095766,39.251201067158505,560.5672907226315
66.00853506236287,55.5852382841396,20.351008179296297,78.36316186231608,617.6479169402235
12.303159362796096,40.828391592317445,49.33477274438874,60.63722823012694,417.5011907189079
28.867633764300702,59.55153950013113,18.960192331501094,42.72593500072664,694.398591127987
29.641357709986067,68.22197114350635,29.86735243003953,57.633500794150706,322.45259669345614
67.11088320589192,81.13260411025654,69.12726512149514,70.23174978367138,481.4244485108924
11.675395709120952,64.54039477854737,20.530685690814142,82.69649049056886,680.5632329248582
18.849229468688776,73.27850759302106,10.336871388007461,42.12453023349804,308.0951886395716
77.9928672567211,31.20501444682011,10.175569445961223,78.73999746711398,265.9178682444698
25.17629627461836,52.309023209385295,75.5588390377331,81.38672627921196,730.2103806127939
65.48341916740935,20.653213387896532,43.019032847137595,80.40312994926364,405.75779765551755
30.245536388971754,37.26752051651361,35.70590538627637,64.94778962740504,610.3220749454192
18.45251838454434,70.85232005791033,65.81589357559389,64.64013599390893,215.2091625583631
30.669636234953597,89.42669659445544,67.6869445932887,52.176584825110254,614.0281330456698
71.39268920773102,26.942466971105112,29.914327483670345,71.38188352670834,389.66078692818235
82.73419978903429,48.10460211029017,57.02135431053464,59.22117100930126,233.44451215246505
80.56868848819428,76.00496780894116,62.834211188891494,67.25909391755619,565.8876569288702
43.76060001756866,34.28249442402292,54.09880151494659,53.56518471168375,344.482289643904
66.78723660850493,58.85594645116004,16.369630610007455,70.23230552237266,432.084345231128
27.423665110344782,71.31499072207723,70.69123126377927,75.3459334682502,248.34848737190816
34.91755707218613,63.118981518212536,45.432091455200656,38.053994113154886,288.2979506569672
86.18854457429518,33.16173142307913,26.185431977750277,75.81113435658254,378.7863412975063
11.105163498412562,44.87691980800176,36.89211390782704,59.7163092484669,253.8557003360943
17.268225122629786,74.8654249139778,7.817831779918054,76.45662499996234,746.4957588117892
27.67033168741232,58.79585598924116,14.590010091681316,53.7215938487558,203.62822591038704
12.255237329274676,20.366072948003893,62.416006288689566,50.847226696066926,490.3161313185868
25.42201198263277,73.26935320196657,5.000872606652461,80.32834028844724,273.94847487953086
59.55853268242384,22.471794845816735,36.242437136171915,43.81430971516207,384.6074536867691
45.82108680036232,72.20136479118625,44.188263581419136,76.43167789073787,755.6357358909593
85.87709544154286,34.173639211566616,9.097581500072922,56.62113148801723,297.0167319643921
79.48270274776748,87.06514360835662,77.98086222292497,58.275249340319284,779.4993918309996
39.054474894319455,45.75585259114591,21.959399843725397,46.96575548192162,323.47662619365303
32.050991841659865,42.88521314366554,27.814903972721066,61.517321034045864,644.9396650800977
42.27385469421769,30.422163523271127,27.79568841912705,47.886615795191624,528.006358938387
60.17507011375866,41.39229508431504,22.281249658801244,32.159817783290876,730.6872365580555
32.78540946994448,81.36555332797404,5.110536656473356,44.95992329393958,532.3959533018785
63.05265716717639,89.7434036339073,59.700859556599724,30.35084738736249,520.7355314937852
44.799990436255435,45.78166713547938,77.5134124849464,83.8095132881271,317.2748002210399
56.92401037241832,51.40274416681798,21.82201124637838,83.11609654008612,299.7376172309952
47.07075497650192,70.54496567419159,54.72853938525668,51.73354136097677,749.8934906693086
35.029589561063005,82.03370463255521,60.642224521903636,70.06039698868054,396.70291931002043
90.61853109178332,61.51310339307489,68.63190343178935,49.01933541257337,423.24935297773754
74.90649250357967,47.40679887244805,36.697189776020686,66.91012363972868,655.894195057033
21.909619940148467,48.88352885940366,27.719817923032192,74.29865236752886,403.2940894536844
83.81977795132259,68.69327025477648,29.397135051727332,82.07159345807324,771.2374679834016
51.431651851208656,20.22527845229951,58.44659998238846,52.01167517173196,642.7566613992801
86.03693928599778,63.371253622188846,66.2584599879227,73.08138906258262,558.457545544052
77.9876967555218,44.884510730895016,18.6210475817452,44.626064784766534,728.5370963268515
46.14314787988484,75.59381318939589,32.82057561183239,84.46827670865065,229.76354500968966
11.909891207209979,26.509344787619252,72.64551475618626,31.417327932039314,354.2376153135252
32.83757554772042,61.17415868638734,65.50201397710543,63.19408435756165,479.02180053254597
56.03890824617369,53.668102292028664,78.86438020718569,66.272828990823,336.1871236829126
63.84564868522252,64.96278681336591,61.56861947615606,67.84250563907709,646.3431123812911
31.920453261822193,24.539751613807784,34.489640077094165,36.621316833399895,751.5248186322351
21.84526629619005,60.59886511996919,49.29783754959783,81.61913809102217,454.26207195855403
80.96907012794043,59.30392115716666,54.576069068549025,39.96508034775455,405.27956006713697
93.67418535980192,59.24620660913197,10.884186223784297,64.25143717819125,776.9304392825397
54.68366549572829,62.24413666175184,45.83727193278988,42.247184351769675,466.9114596965245
24.592739297105798,67.35275560584535,58.199062135445715,46.896902936169894,493.42904026956995
33.14612275414636,76.34922997765389,17.54909780007953,60.05521979504684,410.98992340514326
11.563207506534672,38.887450408975,63.54737880691679,52.94563802105171,745.729083807283
87.71539855764242,77.75345871260434,48.782958538558375,38.81240805370785,541.3732899691104
20.008842045661996,54.877897758441755,76.4166339273196,39.40150213314666,657.3047523089867
59.00390041871155,25.39407953940318,8.181672365516878,52.99796334895398,687.0840310105318
33.29469375841251,24.098565047078544,24.899460316660022,71.65056380515253,405.1094251503549
57.10513021384244,43.39668230872425,50.116540947486804,79.38805557662837,460.216598792228
65.37073300990846,74.94278839780273,27.241993415444803,34.627021424266054,709.0830646437588
80.52805331511213,69.5376654318641,58.58181230534316,51.62071491576705,417.95321100548614
27.54580809965127,75.20304752706845,61.92539618914483,35.51350600475821,676.3610800711108
10.934645435970841,56.208833950912656,12.688697304985585,30.912586434792885,764.5953935446622
21.63527855584862,50.81392985688434,43.53908481550758,66.39452754541762,573.9262238408041
86.50158455708893,30.321676869439877,43.16679166932919,63.13471930816233,644.9763724711333
84.2806565928138,42.97349275265181,32.69605776616558,38.96605125981874,683.0583872246809
60.780113684476206,50.381355632171264,74.9693646927254,42.85970582011853,707.0237893379856
61.04393313686054,26.202030077573205,67.0629739904916,31.30392645044851,437.0320027140776
66.5281173364317,35.442836689784784,57.290703643222756,75.92209631319221,230.7580755055989
24.906558682993214,61.87577058446172,58.574497680124814,83.60798278267033,441.1257627420437
87.72501540362158,71.49641799674329,39.628710785983934,37.450274523707996,604.2537378704538
45.59549461582621,89.88432579750648,74.0745890822432,42.7311367570914,470.2102314684757
42.56677490120728,85.31793319404903,57.094657043996406,77.76252381708137,649.3778905162392
54.10800494904119,64.9795639674634,59.67357962418623,80.95550888759016,414.1894576811983
13.992107175879678,49.487363730585045,69.6268177840509,53.07950605437457,580.8464846624177
24.13408634426675,64.5324155295763,25.555369200664327,32.784235974799074,311.8518829123848
72.73285739624149,74.99561326561624,65.53031779000273,32.166550853105065,649.6216619869742
17.037886773635748,28.283533364637112,19.643045221736905,61.56724263379557,527.4175812878154
61.267929304643,48.693342278740175,30.900646418366588,51.609230989124846,322.4386331279603
30.85467432291228,78.7861599944932,30.170784070238202,31.575883516770997,375.1467040986844
43.09012719356801,46.868306635313076,78.38941012918555,62.07888157719062,649.1652251490993
34.538967625509486,60.03105898590306,69.24029178109451,30.621639512396236,489.5607413969124
40.23218089952068,61.143855260353874,57.58773961926948,73.30545769821,329.6188642358433
71.11890194066086,32.91333771935476,59.52925712115426,46.85380524868543,780.3627142221786
35.255345827969876,45.356480915660185,47.15545958019283,32.214190165507766,629.0750118901328
58.144394425236264,43.415790211935246,76.03180003313894,62.359372154073434,774.2808995238777
50.46428418692347,21.833769597244537,42.21940646617711,51.87264279381801,456.26302721620596
66.4120490558251,21.693423472394866,33.53882824024209,83.55902273464322,485.0602044150323
89.63052784260442,78.21879305730414,17.227650269869326,59.93092643770362,738.7731297110115
72.26862826287127,39.11495669809687,63.96542391957935,45.138154957035454,515.0296041472308
28.269932180214326,56.26551363671708,60.083294905669355,69.01913755486862,624.3673471434004
12.650566480209196,40.910790151214115,33.82662788931012,44.93206013984912,351.30372649731794
32.29244376548513,85.84754715807384,6.889506046942202,79.73338102741607,468.0358812215843
60.58162410952166,38.150773120604164,67.92479957885081,50.609708377905704,274.06991948621305
14.37119414616128,50.07597689172546,5.856348759055522,60.24277095269129,323.588021526177
52.19113101210509,81.09111753392213,57.77748347217882,32.781520710332586,200.56604916057864
60.73164215793558,78.93534967542661,77.76928322945427,53.436668087372695,223.55903098919615
38.41073071944167,33.02709924923941,37.82459961111526,75.77999468135472,786.3702939061576
75.52753731839486,76.18503168569973,22.623005374696458,74.31068429498382,345.4122170820574
19.060851516370604,52.073082071652486,57.86532575325363,42.337520736943944,597.9864257024012
16.386711447543746,53.80782104597486,66.28461065116889,42.43434890558095,703.4598192797669
71.89604427730629,29.343598069116062,45.98227370583855,74.95179217172802,530.3962755419386
52.11676187752687,25.642105962998727,77.52764564421096,81.1719131093129,291.88670005037375
68.51420369635755,70.95575148816357,8.875154124347082,35.2448506700152,636.8698624016998
46.96032378131843,54.75228066487098,42.85966987283961,54.753225168442384,560.1508460597498
30.944172825324078,50.57954918306257,58.884046049191255,48.559985343032594,638.750353608425
79.62369700230698,71.06557600566777,69.69803533618843,77.88786505015916,661.8479737142522
77.95034971236323,73.58590292937768,18.444170893084255,34.59387030740103,785.2462206108471
69.04920002262628,31.12357173685475,65.00026113227611,41.61192684069206,544.137968016026
33.13233666454683,62.71576046343489,46.4530306788909,71.3857585672572,404.9846676143611
60.1696066838724,29.474785759437985,34.74152614924724,32.82116169396686,589.0787341401423
40.682781239902276,72.5962560220332,14.878627143432016,57.08944593928591,241.0644255455757
17.784476232763904,65.98686093869976,69.89718191816843,54.3158869073846,738.4383909929518
87.97165391429064,86.96302347584206,16.795490613478652,48.39206484438118,271.62860680291806
21.629583628111718,24.827061144949482,28.234089440682443,51.70147734254081,396.705702731491
90.7701750747682,23.993830480587803,26.753414897182765,59.14673228116281,689.4472283756725
47.91049070142624,39.75309522852401,70.35605256431407,38.87520471136107,558.3874269984271
